Checkin Date,2015-08-12,2015-08-12,2015-08-12,2015-08-12,2015-08-13,2015-08-13,2015-08-13,2015-08-13,2015-08-19,2015-08-19,2015-08-19,2015-08-19,2015-08-26,2015-08-26,2015-08-26,2015-08-26,2015-08-27,2015-08-27,2015-08-27,2015-08-27,2015-08-28,2015-08-28,2015-08-28,2015-08-28,2015-09-09,2015-09-09,2015-09-09,2015-09-09,2015-09-10,2015-09-10,2015-09-10,2015-09-10,2015-09-11,2015-09-11,2015-09-11,2015-09-11,2015-09-16,2015-09-16,2015-09-16,2015-09-16,2015-09-17,2015-09-17,2015-09-17,2015-09-17,2015-09-18,2015-09-18,2015-09-18,2015-09-18,2015-09-30,2015-09-30,2015-09-30,2015-09-30,2015-10-01,2015-10-01,2015-10-01,2015-10-01,2015-10-02,2015-10-02,2015-10-02,2015-10-02,2015-10-07,2015-10-07,2015-10-07,2015-10-07,2015-10-14,2015-10-14,2015-10-14,2015-10-14,2015-10-15,2015-10-15,2015-10-15,2015-10-15,2015-10-16,2015-10-16,2015-10-16,2015-10-16,2015-10-21,2015-10-21,2015-10-21,2015-10-21,2015-10-22,2015-10-22,2015-10-22,2015-10-22,2015-10-27,2015-10-27,2015-10-27,2015-10-27,2015-10-28,2015-10-28,2015-10-28,2015-10-28,2015-10-29,2015-10-29,2015-10-29,2015-10-29,2015-10-30,2015-10-30,2015-10-30,2015-10-30,2015-11-03,2015-11-03,2015-11-03,2015-11-03,2015-11-04,2015-11-04,2015-11-04,2015-11-04,2015-11-05,2015-11-05,2015-11-05,2015-11-05,2015-11-06,2015-11-06,2015-11-06,2015-11-06,2015-11-07,2015-11-07,2015-11-07,2015-11-07,2015-11-10,2015-11-10,2015-11-10,2015-11-10,2015-11-11,2015-11-11,2015-11-11,2015-11-11,2015-11-12,2015-11-12,2015-11-12,2015-11-12,2015-11-13,2015-11-13,2015-11-13,2015-11-13,2015-11-18,2015-11-18,2015-11-18,2015-11-18,2015-11-20,2015-11-20,2015-11-20,2015-11-20,2015-11-21,2015-11-21,2015-11-21,2015-11-21,2015-11-26,2015-11-26,2015-11-26,2015-11-26,2015-11-27,2015-11-27,2015-11-27,2015-11-27,2015-11-28,2015-11-28,2015-11-28,2015-11-28
Discount Code,1,2,3,4,1,2,3,4,1,2,3,4,1,2,3,4,1,2,3,4,1,2,3,4,1,2,3,4,1,2,3,4,1,2,3,4,1,2,3,4,1,2,3,4,1,2,3,4,1,2,3,4,1,2,3,4,1,2,3,4,1,2,3,4,1,2,3,4,1,2,3,4,1,2,3,4,1,2,3,4,1,2,3,4,1,2,3,4,1,2,3,4,1,2,3,4,1,2,3,4,1,2,3,4,1,2,3,4,1,2,3,4,1,2,3,4,1,2,3,4,1,2,3,4,1,2,3,4,1,2,3,4,1,2,3,4,1,2,3,4,1,2,3,4,1,2,3,4,1,2,3,4,1,2,3,4,1,2,3,4
Aloft Harlem,-1,-1,-1,-1,-1,-1,-1,-1,-1,-1,-1,-1,-1,-1,-1,-1,-1,-1,-1,-1,-1,9,10,0,-1,-1,-1,-1,14,14,14,14,-1,-1,-1,-1,-1,-1,-1,-1,-1,-1,-1,-1,-1,-1,-1,-1,24,32,-1,-1,-1,-1,-1,-1,-1,51,61,71,-1,-1,53,-1,71,-1,32,-1,-1,-1,-1,-1,-1,-1,45,-1,34,-1,47,-1,-1,-1,43,-1,-1,42,-1,-1,100,-1,-1,-1,-1,-1,-1,-1,82,-1,-1,-1,21,-1,-1,-1,59,-1,-1,-1,-1,-1,-1,-1,-1,-1,-1,-1,-1,-1,-1,-1,-1,-1,-1,-1,-1,-1,-1,-1,-1,-1,-1,-1,-1,-1,-1,-1,-1,-1,-1,-1,-1,-1,-1,-1,-1,-1,-1,-1,-1,-1,-1,-1,-1,-1,-1,-1,-1,-1,-1,-1
Andaz 5th Avenue - a concept by Hyatt,-1,-1,20,-1,-1,-1,-1,0,-1,-1,-1,42,-1,-1,-1,-1,-1,-1,19,-1,-1,-1,-1,-1,-1,-1,99,-1,62,-1,-1,-1,52,73,67,-1,-1,-1,79,87,48,59,64,96,39,74,52,42,-1,71,73,-1,52,63,96,89,50,-1,70,57,-1,78,-1,-1,-1,68,-1,-1,72,-1,-1,-1,53,-1,89,-1,-1,64,-1,-1,45,-1,-1,-1,-1,-1,-1,-1,48,49,-1,-1,48,89,-1,-1,34,-1,-1,-1,-1,-1,-1,-1,44,64,65,53,40,-1,-1,-1,45,-1,-1,42,-1,-1,78,73,-1,-1,-1,-1,-1,40,64,-1,44,33,42,45,33,34,31,55,-1,-1,-1,-1,2,-1,26,4,-1,10,9,0,43,-1,52,-1,-1,89,45,69,96,51,78,100
Andaz Wall Street - a concept by Hyatt,22,20,21,-1,-1,-1,-1,-1,-1,-1,-1,-1,-1,-1,-1,-1,10,-1,-1,-1,-1,-1,-1,-1,-1,-1,39,-1,-1,59,38,39,-1,-1,-1,-1,-1,-1,-1,-1,50,52,51,-1,52,54,50,50,-1,-1,38,100,-1,41,-1,32,-1,-1,40,-1,76,-1,79,-1,37,54,53,-1,-1,32,-1,50,-1,-1,-1,-1,54,39,54,60,44,47,45,47,-1,60,-1,65,40,31,49,57,41,45,47,-1,51,50,34,-1,67,55,62,69,-1,34,50,-1,32,31,28,-1,32,-1,-1,20,-1,-1,34,-1,-1,21,32,37,5,19,26,-1,21,24,19,8,29,49,30,-1,4,-1,-1,-1,-1,-1,-1,-1,-1,1,0,2,18,23,9,7,62,29,22,46,44,34,-1,-1
Baccarat Hotel and Residences New York,-1,-1,-1,-1,-1,-1,-1,-1,-1,-1,-1,-1,-1,-1,-1,-1,-1,-1,-1,-1,-1,-1,-1,-1,-1,-1,-1,-1,100,-1,-1,-1,-1,-1,-1,-1,-1,-1,-1,-1,-1,-1,-1,-1,-1,-1,-1,-1,-1,-1,-1,-1,-1,-1,-1,-1,-1,-1,-1,-1,-1,-1,-1,-1,-1,-1,-1,-1,-1,-1,-1,-1,-1,-1,-1,-1,-1,-1,-1,-1,-1,-1,-1,-1,-1,-1,-1,-1,-1,-1,-1,-1,-1,-1,-1,-1,-1,-1,-1,-1,-1,-1,-1,-1,-1,-1,-1,-1,-1,-1,-1,-1,-1,-1,-1,-1,-1,-1,-1,-1,-1,-1,-1,-1,-1,-1,-1,-1,10,-1,-1,-1,10,-1,-1,-1,3,-1,-1,-1,-1,-1,-1,-1,0,-1,-1,-1,1,-1,-1,-1,-1,85,85,35,-1,-1,-1,-1
Bentley Hotel,-1,-1,-1,-1,-1,-1,-1,-1,-1,-1,-1,-1,-1,-1,-1,-1,-1,-1,11,-1,-1,-1,-1,-1,-1,-1,-1,-1,-1,-1,-1,-1,-1,-1,-1,-1,-1,-1,-1,-1,-1,-1,-1,-1,-1,-1,-1,-1,-1,-1,-1,-1,-1,-1,-1,-1,-1,-1,-1,-1,-1,-1,-1,-1,-1,-1,-1,-1,-1,-1,97,-1,-1,-1,-1,-1,30,30,29,29,-1,-1,-1,-1,-1,-1,100,-1,-1,-1,-1,-1,-1,-1,59,-1,-1,47,51,-1,-1,-1,-1,-1,-1,-1,-1,-1,20,18,18,20,-1,-1,-1,-1,-1,-1,-1,-1,-1,-1,-1,-1,-1,-1,-1,-1,-1,-1,-1,-1,-1,-1,-1,-1,-1,-1,-1,-1,-1,0,-1,-1,6,-1,34,-1,-1,-1,-1,-1,-1,-1,-1,-1,-1,-1,17,-1
Best Western Bayside Inn,-1,-1,-1,-1,-1,-1,-1,-1,-1,-1,-1,-1,-1,-1,-1,-1,-1,-1,-1,-1,-1,-1,-1,-1,-1,100,96,-1,-1,85,-1,-1,74,-1,-1,-1,-1,84,71,-1,-1,83,-1,-1,-1,52,-1,-1,-1,71,-1,-1,-1,-1,-1,-1,-1,-1,-1,-1,-1,-1,-1,-1,-1,71,-1,-1,-1,-1,-1,-1,-1,29,51,-1,-1,-1,-1,-1,-1,-1,51,-1,29,40,8,-1,-1,69,58,-1,-1,45,-1,-1,-1,-1,-1,-1,-1,-1,-1,-1,-1,-1,-1,-1,-1,-1,-1,-1,-1,-1,-1,-1,-1,-1,-1,-1,-1,-1,-1,-1,-1,-1,-1,-1,-1,-1,-1,-1,-1,-1,-1,-1,-1,-1,-1,-1,-1,-1,-1,-1,20,30,0,-1,-1,25,70,-1,18,44,66,-1,-1,-1,-1,-1
Best Western Bowery Hanbee Hotel,-1,-1,-1,-1,-1,-1,-1,-1,-1,-1,-1,-1,-1,-1,-1,-1,-1,-1,-1,-1,-1,-1,-1,-1,-1,65,65,-1,-1,72,65,-1,-1,77,-1,-1,-1,-1,75,-1,-1,-1,-1,-1,-1,-1,-1,-1,76,82,100,-1,-1,-1,-1,-1,-1,58,57,-1,-1,77,77,-1,-1,-1,68,-1,-1,-1,68,-1,-1,-1,-1,-1,-1,-1,70,-1,68,70,66,-1,-1,77,77,-1,-1,-1,68,-1,-1,-1,-1,-1,-1,48,56,-1,-1,-1,-1,-1,-1,-1,-1,-1,-1,-1,-1,-1,-1,-1,-1,-1,-1,-1,-1,-1,-1,-1,-1,-1,-1,-1,-1,-1,1,0,0,1,11,15,-1,-1,-1,-1,-1,-1,-1,-1,-1,-1,-1,-1,-1,-1,-1,-1,-1,-1,-1,-1,-1,-1,-1,-1,20,15
Best Western Plus Arena Hotel,-1,-1,-1,-1,-1,-1,-1,-1,-1,-1,-1,-1,-1,-1,-1,-1,-1,-1,-1,-1,-1,-1,-1,-1,-1,-1,-1,-1,-1,-1,-1,-1,-1,-1,-1,-1,-1,-1,-1,-1,-1,-1,-1,-1,-1,-1,-1,-1,-1,-1,-1,-1,-1,-1,-1,-1,-1,-1,-1,-1,-1,-1,-1,-1,-1,-1,62,-1,-1,-1,-1,-1,-1,69,100,-1,-1,86,71,67,-1,-1,-1,-1,-1,-1,82,-1,-1,-1,-1,-1,-1,-1,-1,-1,-1,35,-1,-1,-1,-1,-1,-1,-1,-1,-1,-1,-1,-1,-1,-1,-1,-1,-1,-1,-1,-1,-1,-1,-1,-1,-1,-1,-1,-1,-1,-1,-1,-1,-1,-1,-1,-1,-1,-1,-1,-1,-1,-1,-1,-1,-1,-1,-1,-1,-1,-1,-1,-1,-1,-1,-1,49,-1,-1,29,0,-1,-1
Best Western Plus Newark Airport West,60,-1,-1,-1,-1,-1,-1,-1,-1,-1,-1,-1,-1,-1,-1,-1,-1,-1,-1,-1,-1,-1,-1,-1,-1,-1,-1,-1,-1,-1,36,26,-1,-1,47,-1,-1,-1,52,-1,-1,-1,-1,-1,-1,38,-1,-1,-1,-1,50,-1,-1,-1,-1,-1,-1,-1,-1,-1,-1,-1,-1,-1,-1,-1,-1,-1,-1,-1,-1,-1,-1,62,-1,-1,-1,-1,-1,-1,-1,45,-1,-1,-1,-1,35,24,-1,-1,24,-1,-1,-1,-1,-1,-1,17,-1,-1,-1,-1,-1,-1,-1,100,-1,-1,-1,-1,-1,-1,-1,-1,-1,-1,16,27,-1,-1,-1,-1,-1,-1,-1,-1,-1,-1,-1,-1,-1,-1,-1,-1,-1,-1,-1,-1,-1,-1,-1,-1,-1,-1,-1,-1,-1,0,-1,20,-1,-1,8,20,-1,-1,-1,18,-1,-1
Blakely New York,-1,-1,-1,-1,-1,-1,-1,-1,-1,-1,-1,-1,-1,-1,-1,-1,-1,0,-1,-1,-1,-1,-1,-1,-1,-1,-1,-1,-1,-1,-1,-1,-1,-1,-1,-1,-1,-1,-1,-1,-1,-1,-1,-1,-1,-1,-1,-1,-1,-1,-1,-1,-1,-1,-1,-1,-1,-1,-1,-1,-1,-1,-1,-1,86,81,64,86,64,75,81,64,77,77,73,77,82,82,100,82,-1,-1,-1,-1,82,82,82,82,-1,-1,90,-1,-1,81,92,-1,-1,-1,-1,-1,38,-1,38,35,-1,-1,-1,-1,-1,39,39,38,39,39,39,37,-1,-1,-1,-1,-1,-1,-1,-1,-1,-1,-1,-1,-1,-1,-1,-1,-1,-1,-1,-1,-1,-1,-1,-1,-1,-1,-1,-1,8,8,8,8,-1,-1,-1,-1,-1,-1,-1,-1,-1,-1,-1,-1
Cassa Hotel 45th Street,26,31,39,41,19,48,25,33,17,21,28,27,13,20,14,33,13,-1,8,8,-1,8,25,-1,-1,-1,66,71,-1,61,61,69,68,58,-1,-1,-1,72,75,75,56,50,61,99,-1,48,-1,-1,-1,-1,-1,-1,-1,81,69,86,-1,53,68,81,-1,100,90,100,58,68,98,74,55,64,65,76,-1,32,-1,-1,81,83,90,97,70,71,49,-1,-1,51,66,-1,58,52,87,81,24,-1,68,-1,-1,58,-1,-1,-1,64,15,71,-1,42,66,28,23,71,34,69,-1,16,-1,-1,17,45,-1,-1,-1,45,3,-1,44,21,22,34,16,15,21,-1,20,16,37,-1,20,2,4,38,-1,3,9,-1,0,7,9,-1,46,15,14,-1,36,28,-1,-1,23,-1,-1,-1
Chelsea Inn,-1,-1,-1,-1,-1,36,-1,-1,-1,-1,-1,-1,-1,-1,-1,-1,24,24,24,24,-1,-1,-1,-1,-1,-1,-1,-1,-1,-1,-1,-1,-1,-1,-1,-1,-1,-1,-1,-1,-1,-1,-1,-1,-1,-1,-1,-1,-1,-1,-1,-1,-1,-1,-1,-1,-1,-1,-1,-1,-1,-1,-1,-1,-1,-1,-1,-1,84,92,100,-1,-1,-1,-1,-1,-1,-1,-1,-1,-1,-1,-1,-1,-1,82,-1,-1,-1,-1,81,-1,-1,-1,82,-1,-1,-1,-1,-1,-1,-1,-1,-1,-1,-1,-1,-1,-1,-1,-1,-1,-1,-1,-1,-1,-1,-1,-1,-1,-1,-1,-1,-1,-1,-1,-1,-1,-1,-1,-1,-1,-1,-1,-1,-1,-1,-1,-1,-1,-1,-1,-1,-1,-1,-1,-1,-1,-1,-1,-1,-1,-1,9,-1,-1,-1,8,0,-1
Comfort Inn Times Square South Area,47,51,58,-1,-1,-1,-1,-1,-1,-1,-1,-1,-1,65,-1,-1,-1,-1,-1,-1,-1,-1,-1,-1,-1,-1,-1,-1,-1,-1,-1,-1,-1,-1,-1,-1,-1,-1,-1,-1,-1,-1,-1,-1,-1,-1,-1,-1,-1,-1,-1,-1,64,64,64,-1,-1,84,-1,74,-1,-1,-1,-1,-1,93,-1,-1,84,86,-1,-1,80,100,92,-1,88,88,85,88,-1,-1,-1,-1,-1,-1,-1,-1,-1,-1,-1,-1,-1,-1,-1,-1,-1,41,-1,-1,53,79,65,66,39,38,-1,-1,50,46,46,46,48,47,48,48,-1,-1,-1,-1,49,52,47,44,-1,39,37,-1,-1,29,-1,-1,12,35,-1,-1,-1,-1,-1,-1,-1,-1,-1,-1,0,-1,-1,-1,53,53,53,53,-1,47,49,-1,-1,-1,43,32
Conrad New York,-1,32,31,46,38,30,26,33,17,19,27,35,21,23,31,-1,36,28,23,21,35,-1,34,-1,-1,-1,68,-1,-1,57,-1,-1,89,77,-1,-1,-1,-1,-1,-1,-1,-1,75,74,67,58,53,74,-1,-1,-1,100,-1,-1,96,100,73,63,53,78,-1,-1,86,98,47,56,65,-1,-1,69,59,48,80,69,59,-1,-1,-1,-1,100,-1,90,96,100,-1,57,60,68,51,57,61,82,-1,76,69,-1,74,81,67,-1,-1,-1,75,89,-1,58,73,-1,-1,21,15,9,69,63,45,54,74,64,65,-1,-1,63,68,74,62,35,54,71,-1,62,45,30,69,63,69,-1,26,35,51,60,-1,-1,-1,-1,-1,1,0,5,-1,-1,48,66,84,67,72,75,72,64,74,-1
Courtyard New York Manhattan Times Square West,83,-1,-1,-1,-1,-1,-1,-1,0,8,90,-1,32,41,60,-1,-1,-1,-1,-1,-1,-1,-1,-1,-1,-1,-1,-1,-1,-1,-1,-1,-1,-1,-1,-1,-1,-1,-1,-1,-1,-1,-1,-1,-1,-1,-1,-1,-1,-1,-1,-1,-1,-1,-1,-1,-1,-1,-1,-1,-1,-1,-1,-1,-1,-1,-1,-1,-1,-1,-1,-1,-1,-1,-1,-1,-1,-1,-1,-1,-1,-1,-1,-1,-1,-1,-1,-1,-1,-1,-1,-1,-1,100,-1,-1,-1,-1,-1,-1,-1,-1,-1,-1,-1,-1,-1,-1,-1,-1,-1,-1,-1,-1,-1,-1,-1,-1,-1,-1,-1,-1,-1,-1,-1,-1,-1,-1,-1,-1,-1,-1,-1,-1,-1,-1,-1,-1,-1,-1,-1,-1,-1,-1,-1,-1,-1,-1,-1,-1,-1,-1,-1,-1,-1,-1,-1,-1,-1,-1
Courtyard Newark Elizabeth,-1,-1,-1,-1,-1,-1,-1,-1,-1,-1,-1,-1,20,39,-1,-1,-1,63,42,20,79,57,36,-1,17,30,52,-1,-1,69,47,-1,91,69,53,-1,-1,-1,-1,-1,-1,-1,-1,-1,100,-1,-1,-1,-1,-1,-1,-1,-1,62,39,-1,81,57,-1,-1,-1,-1,-1,-1,-1,-1,-1,-1,-1,73,-1,-1,95,-1,-1,-1,-1,-1,-1,-1,-1,56,-1,-1,-1,-1,-1,-1,-1,-1,-1,-1,-1,-1,-1,-1,-1,-1,-1,-1,-1,-1,-1,-1,-1,-1,53,-1,-1,-1,-1,-1,-1,-1,-1,-1,-1,-1,-1,-1,-1,17,-1,-1,0,-1,-1,-1,-1,43,-1,-1,-1,-1,-1,-1,-1,-1,-1,-1,-1,-1,-1,-1,-1,-1,-1,-1,69,43,-1,-1,-1,-1,-1,-1,-1,-1,-1,-1
Courtyard by Marriott New York City Manhattan Fifth Avenue,8,9,10,-1,-1,-1,2,1,13,14,15,-1,-1,-1,-1,-1,-1,-1,-1,0,-1,-1,-1,-1,-1,-1,-1,-1,-1,51,46,45,-1,61,62,-1,-1,-1,-1,-1,-1,86,-1,-1,-1,-1,-1,-1,-1,-1,-1,-1,-1,-1,-1,-1,-1,-1,-1,-1,-1,-1,100,-1,-1,-1,-1,-1,-1,-1,-1,-1,-1,-1,-1,-1,-1,-1,-1,-1,-1,-1,-1,-1,-1,-1,-1,-1,-1,-1,-1,-1,-1,-1,-1,-1,-1,-1,-1,-1,-1,-1,-1,-1,-1,-1,-1,-1,-1,-1,-1,-1,-1,-1,-1,-1,-1,-1,-1,-1,-1,-1,-1,-1,-1,-1,-1,-1,-1,-1,-1,-1,-1,-1,-1,-1,-1,-1,-1,-1,-1,-1,-1,-1,-1,-1,-1,-1,-1,-1,-1,-1,-1,-1,-1,-1,-1,-1,-1,-1
Courtyard by Marriott New York Manhattan   Central Park,-1,-1,-1,-1,-1,-1,-1,-1,-1,-1,-1,-1,-1,-1,-1,-1,-1,-1,-1,-1,-1,0,-1,-1,-1,-1,-1,-1,-1,-1,-1,-1,-1,-1,-1,-1,-1,-1,-1,-1,-1,-1,-1,96,-1,-1,-1,-1,-1,-1,-1,-1,-1,-1,-1,-1,-1,-1,-1,-1,-1,-1,-1,-1,-1,-1,-1,-1,-1,-1,-1,85,-1,-1,-1,-1,-1,-1,-1,-1,-1,-1,85,87,-1,100,94,-1,-1,-1,-1,-1,-1,-1,82,-1,-1,-1,-1,-1,-1,-1,-1,-1,-1,-1,-1,-1,-1,-1,64,-1,-1,-1,-1,-1,-1,-1,-1,-1,-1,-1,-1,-1,-1,-1,-1,-1,14,16,11,-1,-1,-1,21,-1,11,16,-1,-1,-1,-1,-1,-1,-1,-1,-1,6,-1,-1,-1,-1,-1,-1,54,-1,-1,-1,-1,-1
Courtyard by Marriott New York Manhattan SoHo,13,13,13,-1,-1,-1,-1,0,19,19,19,-1,27,27,27,-1,-1,-1,-1,16,-1,-1,35,-1,-1,-1,100,-1,-1,98,93,96,-1,-1,-1,-1,-1,-1,-1,-1,-1,-1,-1,-1,-1,-1,-1,-1,-1,-1,-1,-1,-1,-1,-1,-1,-1,-1,-1,-1,-1,-1,-1,-1,-1,-1,-1,-1,72,72,-1,72,-1,-1,-1,-1,-1,-1,-1,-1,-1,-1,-1,-1,-1,-1,-1,-1,-1,-1,-1,-1,78,78,-1,78,-1,-1,-1,-1,-1,-1,-1,-1,59,-1,-1,-1,-1,-1,-1,48,-1,-1,-1,-1,-1,-1,-1,-1,-1,-1,-1,-1,-1,-1,-1,-1,-1,-1,-1,-1,-1,-1,-1,-1,19,-1,-1,-1,-1,-1,-1,-1,-1,-1,-1,-1,-1,-1,-1,-1,-1,-1,-1,-1,-1,-1,-1,-1
Courtyard by Marriott New York Manhattan Times Square,10,-1,-1,-1,-1,-1,-1,6,-1,-1,-1,-1,-1,-1,-1,-1,-1,-1,-1,-1,-1,-1,-1,-1,96,100,-1,-1,-1,-1,-1,-1,-1,-1,-1,-1,-1,-1,-1,-1,-1,-1,-1,-1,-1,-1,-1,-1,-1,-1,-1,-1,-1,-1,-1,-1,-1,-1,-1,-1,-1,-1,-1,-1,-1,-1,-1,-1,-1,-1,-1,-1,-1,-1,-1,-1,-1,-1,-1,-1,-1,-1,-1,-1,-1,-1,-1,-1,-1,68,-1,87,-1,-1,-1,-1,-1,-1,-1,-1,-1,77,79,-1,38,40,53,-1,-1,-1,21,19,-1,31,30,25,-1,51,37,-1,-1,-1,47,-1,-1,25,-1,-1,-1,-1,-1,-1,-1,30,28,-1,6,-1,-1,0,-1,-1,-1,-1,-1,-1,-1,-1,-1,26,33,-1,30,34,37,-1,-1,-1,69,-1
Courtyard by Marriott New York Manhattan Upper East Side,-1,-1,-1,-1,-1,-1,-1,-1,-1,-1,-1,-1,-1,-1,-1,-1,-1,-1,-1,-1,-1,-1,-1,-1,-1,-1,-1,13,-1,-1,-1,-1,-1,-1,-1,-1,-1,-1,-1,69,-1,-1,-1,-1,-1,-1,-1,-1,-1,-1,-1,36,-1,-1,-1,-1,-1,-1,-1,-1,-1,-1,-1,-1,-1,-1,-1,100,-1,-1,-1,-1,-1,-1,-1,-1,-1,-1,-1,88,-1,-1,-1,-1,-1,-1,-1,-1,-1,-1,-1,42,-1,-1,-1,-1,-1,26,-1,-1,-1,-1,-1,-1,-1,-1,-1,-1,0,-1,-1,-1,-1,-1,-1,-1,-1,-1,-1,-1,86,89,-1,-1,-1,-1,-1,-1,-1,-1,-1,-1,-1,-1,-1,-1,-1,-1,-1,-1,-1,-1,-1,-1,-1,-1,-1,-1,-1,-1,-1,-1,-1,-1,-1,-1,25,29,-1,-1
Crowne Plaza Times Square Manhattan,-1,-1,-1,-1,11,12,-1,-1,34,-1,-1,-1,-1,-1,-1,-1,-1,-1,-1,-1,-1,-1,-1,-1,-1,-1,-1,-1,-1,-1,-1,-1,-1,84,69,-1,-1,-1,-1,-1,-1,-1,-1,-1,-1,-1,-1,-1,-1,-1,-1,-1,-1,28,32,34,-1,-1,-1,-1,75,100,-1,-1,-1,90,-1,-1,-1,-1,-1,-1,22,25,27,-1,-1,-1,47,-1,85,86,83,-1,-1,-1,-1,-1,-1,-1,-1,-1,-1,-1,-1,-1,-1,31,-1,-1,30,59,21,-1,18,54,-1,-1,12,53,-1,-1,19,57,-1,-1,57,58,-1,-1,63,30,-1,-1,47,-1,-1,-1,35,-1,-1,-1,30,-1,22,-1,10,11,13,-1,0,-1,-1,-1,4,-1,-1,-1,-1,-1,-1,-1,-1,-1,-1,-1,29,-1,-1,-1
Days Inn Bronx Near Stadium,-1,-1,-1,-1,-1,-1,-1,-1,-1,-1,-1,-1,-1,-1,-1,-1,-1,-1,-1,-1,-1,25,100,-1,-1,-1,-1,-1,-1,-1,-1,-1,-1,75,-1,-1,-1,-1,-1,-1,-1,-1,-1,-1,-1,0,-1,-1,-1,-1,-1,-1,-1,-1,-1,-1,-1,0,-1,-1,-1,-1,-1,-1,-1,-1,-1,-1,-1,-1,-1,-1,-1,-1,-1,-1,-1,-1,-1,-1,-1,-1,-1,-1,-1,-1,-1,-1,-1,-1,-1,-1,-1,-1,-1,-1,-1,-1,-1,-1,-1,-1,-1,-1,-1,-1,-1,-1,-1,-1,-1,-1,-1,-1,-1,-1,-1,-1,57,-1,-1,-1,-1,-1,-1,-1,-1,-1,-1,-1,-1,-1,-1,-1,57,-1,-1,-1,-1,-1,-1,-1,-1,-1,-1,-1,-1,-1,-1,-1,-1,-1,-1,-1,-1,-1,-1,-1,-1,-1
DoubleTree Suites by Hilton New York City - Times Square,-1,-1,35,-1,15,14,29,-1,-1,-1,-1,-1,-1,-1,-1,-1,-1,-1,-1,-1,-1,-1,-1,-1,42,47,-1,-1,-1,58,31,31,-1,40,40,-1,-1,-1,-1,-1,-1,-1,-1,-1,-1,-1,87,92,-1,-1,-1,-1,-1,-1,-1,-1,-1,60,-1,-1,-1,-1,-1,100,-1,-1,-1,-1,63,67,64,55,-1,36,41,-1,-1,-1,-1,88,-1,-1,78,-1,-1,-1,-1,-1,74,86,-1,-1,-1,-1,-1,-1,-1,-1,-1,-1,-1,-1,-1,-1,-1,31,18,-1,-1,4,6,-1,15,6,7,-1,-1,3,32,-1,-1,-1,-1,-1,4,4,3,-1,-1,9,-1,-1,10,4,2,-1,14,17,17,-1,-1,-1,0,0,-1,21,21,-1,-1,33,29,30,27,16,13,-1,22,15,23,-1
DoubleTree by Hilton Hotel New York - Times Square South,5,9,-1,17,15,11,-1,-1,-1,-1,-1,9,0,10,-1,2,-1,-1,11,-1,-1,-1,-1,-1,-1,-1,-1,33,34,36,33,38,37,-1,36,34,-1,-1,-1,42,-1,-1,-1,-1,39,21,17,16,-1,42,42,47,-1,29,26,21,26,22,25,-1,100,90,86,47,30,-1,-1,29,-1,30,28,-1,39,-1,-1,28,-1,43,-1,-1,-1,-1,22,-1,-1,-1,-1,-1,-1,28,-1,26,-1,-1,23,-1,-1,-1,-1,-1,-1,-1,-1,-1,18,20,-1,17,-1,21,-1,-1,25,-1,23,-1,-1,-1,-1,-1,-1,-1,19,-1,-1,12,14,14,-1,-1,24,-1,-1,22,16,-1,11,11,19,-1,-1,-1,-1,-1,-1,-1,-1,3,-1,-1,11,-1,-1,-1,17,-1,-1,-1,-1,-1
DoubleTree by Hilton Hotel Newark Airport,27,14,20,-1,6,11,-1,-1,27,10,20,-1,-1,-1,-1,-1,6,11,-1,-1,-1,-1,-1,-1,-1,-1,-1,-1,86,37,44,100,13,41,55,-1,39,17,25,-1,8,14,-1,-1,-1,-1,-1,-1,61,34,39,-1,30,34,59,-1,-1,-1,-1,-1,-1,-1,-1,-1,-1,24,27,-1,22,27,-1,-1,-1,-1,-1,-1,-1,37,44,42,30,34,41,-1,-1,31,39,-1,28,31,44,-1,25,25,25,28,-1,-1,-1,-1,-1,-1,-1,-1,-1,-1,-1,-1,28,20,27,22,-1,31,27,28,36,31,27,-1,-1,-1,-1,-1,-1,-1,-1,-1,-1,-1,-1,31,-1,-1,33,-1,-1,-1,-1,-1,-1,16,2,0,-1,2,0,-1,-1,-1,-1,-1,-1,-1,-1,-1,-1,-1,-1,-1
DoubleTree by Hilton Metropolitan - New York City,9,11,26,24,-1,-1,4,9,14,-1,-1,-1,20,-1,-1,-1,-1,13,20,-1,-1,9,-1,-1,61,70,73,72,-1,48,-1,-1,85,77,62,57,94,80,97,100,-1,61,-1,-1,76,66,43,-1,51,54,88,55,50,50,50,51,53,50,50,64,88,98,88,74,58,55,76,50,42,29,29,-1,65,60,47,-1,67,-1,-1,64,55,-1,52,53,-1,-1,73,68,67,-1,66,60,-1,-1,44,-1,-1,48,59,-1,-1,68,36,-1,-1,24,30,30,-1,30,17,16,37,19,24,-1,25,30,49,49,-1,31,-1,-1,19,27,24,35,15,14,14,13,46,19,30,24,14,46,-1,18,11,0,5,6,26,26,23,12,-1,16,-1,-1,20,30,26,17,69,62,41,38
DoubleTree by Hilton New York City - Chelsea,33,30,33,37,-1,29,-1,-1,45,35,20,33,-1,34,40,26,39,29,-1,-1,-1,-1,34,-1,-1,-1,71,63,-1,45,-1,78,-1,-1,63,-1,-1,-1,84,75,-1,46,-1,-1,59,59,-1,55,61,73,72,62,-1,65,-1,58,-1,75,-1,-1,85,86,-1,81,-1,-1,100,80,-1,56,57,-1,65,67,65,44,-1,-1,-1,-1,-1,-1,-1,-1,-1,-1,-1,-1,-1,-1,-1,50,55,48,-1,-1,61,-1,-1,-1,-1,-1,-1,-1,47,43,49,47,41,41,40,37,49,49,53,-1,-1,68,-1,-1,-1,62,45,72,39,42,40,-1,37,33,28,27,43,39,33,43,-1,-1,22,29,-1,0,2,4,-1,14,12,10,-1,-1,10,21,-1,-1,-1,-1,45,50,49,60
DoubleTree by Hilton New York City - Financial District,33,44,45,53,-1,33,27,30,29,28,28,32,19,21,38,26,28,23,13,13,28,23,22,-1,49,93,-1,55,-1,-1,-1,-1,83,95,78,54,-1,-1,100,92,-1,-1,76,63,66,76,-1,-1,72,76,78,62,79,63,58,-1,72,78,86,87,-1,99,-1,95,61,-1,91,78,-1,-1,56,63,98,90,-1,88,67,-1,88,74,60,62,58,61,-1,-1,-1,-1,-1,55,75,53,-1,43,57,24,67,65,36,-1,76,67,50,-1,34,39,34,50,-1,-1,60,40,54,46,44,35,-1,-1,47,-1,-1,41,44,54,26,26,30,45,-1,37,33,35,38,-1,54,-1,29,-1,-1,-1,10,7,3,0,-1,5,6,9,-1,20,-1,-1,-1,33,-1,-1,-1,65,-1,-1
Dumont NYC-an Affinia hotel,-1,-1,-1,-1,-1,0,-1,-1,-1,-1,-1,-1,-1,-1,-1,-1,-1,-1,-1,-1,-1,-1,-1,-1,-1,-1,-1,-1,100,93,-1,-1,-1,-1,52,-1,-1,-1,-1,-1,-1,-1,-1,-1,-1,96,96,79,33,37,81,83,20,22,52,58,73,38,27,7,81,-1,-1,-1,55,-1,-1,-1,-1,-1,42,-1,-1,39,39,61,-1,-1,-1,-1,-1,-1,90,-1,-1,80,-1,-1,-1,-1,-1,-1,-1,-1,72,-1,-1,-1,-1,-1,-1,73,68,-1,-1,49,-1,-1,47,51,51,51,-1,-1,-1,-1,-1,-1,-1,-1,-1,-1,-1,-1,-1,-1,-1,-1,-1,-1,-1,-1,-1,-1,-1,-1,-1,-1,-1,-1,-1,-1,-1,-1,-1,0,2,-1,-1,-1,-1,-1,-1,-1,-1,-1,-1,-1,-1,-1
Eventi Hotel a Kimpton Hotel,2,3,4,5,-1,4,3,0,-1,12,14,17,3,0,6,4,-1,-1,17,-1,-1,17,2,8,-1,-1,-1,-1,37,47,51,76,-1,70,-1,-1,-1,67,70,76,-1,35,35,-1,-1,42,38,-1,-1,-1,59,65,-1,-1,-1,-1,66,-1,52,66,100,-1,-1,-1,48,62,68,-1,57,60,47,46,-1,-1,-1,-1,-1,-1,-1,-1,69,-1,-1,71,-1,-1,-1,-1,77,-1,-1,-1,-1,-1,-1,-1,-1,-1,-1,-1,-1,-1,-1,-1,41,-1,73,46,38,34,36,38,-1,-1,-1,-1,-1,-1,-1,-1,-1,-1,-1,-1,-1,34,37,44,42,32,36,45,47,42,29,-1,-1,-1,-1,-1,-1,-1,-1,-1,31,28,-1,-1,-1,-1,-1,-1,-1,-1,-1,-1,-1,-1,-1,-1
Fairfield Inn by Marriott LaGuardia Airport Flushing,71,85,100,-1,-1,-1,85,28,57,28,50,92,-1,-1,-1,-1,-1,-1,-1,-1,-1,-1,-1,-1,-1,-1,-1,-1,-1,-1,-1,-1,-1,-1,-1,-1,-1,-1,-1,-1,-1,85,64,-1,-1,85,-1,-1,-1,-1,-1,-1,-1,-1,78,-1,-1,-1,-1,-1,-1,-1,-1,-1,-1,-1,-1,-1,-1,85,35,-1,-1,35,-1,-1,-1,-1,-1,85,-1,85,57,-1,-1,-1,71,-1,-1,-1,-1,-1,-1,42,14,-1,-1,28,-1,-1,-1,35,50,-1,-1,-1,-1,-1,-1,50,14,-1,-1,35,-1,-1,-1,-1,-1,-1,-1,78,78,-1,-1,-1,-1,-1,28,28,28,-1,-1,78,-1,-1,-1,-1,-1,-1,-1,-1,-1,-1,-1,-1,-1,-1,-1,35,0,-1,-1,0,-1,-1,-1,-1,-1,-1
Four Seasons Hotel New York,1,5,-1,-1,-1,-1,-1,-1,1,5,-1,-1,-1,5,-1,-1,0,2,-1,-1,-1,-1,-1,-1,52,52,56,62,-1,-1,52,47,56,50,52,72,56,56,63,61,44,44,44,47,-1,-1,-1,-1,-1,-1,-1,-1,-1,78,48,57,53,37,63,100,-1,-1,53,53,-1,37,39,42,34,37,39,-1,32,32,39,35,49,67,48,53,-1,-1,48,-1,57,50,53,53,47,42,39,42,34,37,39,44,42,39,37,34,44,44,48,56,47,44,53,42,44,44,39,49,56,44,55,-1,44,53,50,-1,-1,-1,-1,56,-1,-1,53,56,-1,-1,53,-1,44,44,46,49,-1,-1,-1,-1,42,39,37,34,42,32,32,32,32,32,32,34,32,39,37,38,46,48,42,-1
GEM Hotel - Chelsea an Ascend Hotel Collection Member,-1,-1,34,-1,-1,30,-1,25,-1,-1,-1,-1,-1,-1,-1,-1,-1,-1,-1,-1,-1,-1,-1,-1,-1,-1,-1,-1,-1,-1,-1,-1,-1,64,-1,-1,-1,-1,-1,-1,-1,-1,-1,-1,-1,-1,-1,-1,-1,-1,-1,-1,-1,-1,69,69,-1,41,-1,-1,-1,-1,-1,-1,-1,-1,-1,-1,-1,-1,-1,-1,-1,-1,-1,-1,98,-1,-1,-1,-1,-1,-1,-1,-1,-1,100,-1,-1,76,84,-1,-1,-1,-1,-1,-1,62,66,61,-1,-1,-1,-1,-1,-1,-1,-1,-1,-1,-1,-1,45,-1,31,-1,52,53,-1,-1,-1,-1,-1,-1,-1,-1,-1,-1,-1,-1,-1,-1,-1,-1,-1,-1,-1,-1,-1,-1,-1,-1,-1,-1,-1,-1,0,-1,-1,-1,-1,-1,-1,44,31,27,-1,-1,57,46
Gild Hall A Thompson Hotel,54,47,46,-1,-1,-1,-1,-1,44,38,40,-1,30,30,33,27,26,-1,-1,-1,-1,-1,-1,-1,53,47,53,54,-1,-1,54,48,-1,66,60,-1,64,-1,-1,-1,-1,-1,-1,-1,-1,-1,-1,-1,95,-1,-1,-1,-1,-1,-1,-1,-1,-1,-1,-1,-1,84,82,94,75,-1,84,80,-1,-1,-1,-1,-1,-1,-1,-1,-1,65,69,70,57,49,59,-1,-1,59,-1,-1,55,46,58,63,-1,-1,-1,-1,-1,-1,-1,-1,63,65,72,70,52,-1,49,53,-1,-1,-1,-1,-1,-1,-1,-1,-1,-1,-1,-1,45,44,53,57,43,32,45,-1,25,43,-1,-1,-1,-1,-1,-1,-1,-1,-1,-1,-1,-1,-1,-1,-1,-1,-1,-1,0,-1,5,-1,-1,47,51,-1,39,19,77,100
Grand Hyatt New York,27,32,36,38,25,18,22,19,-1,-1,-1,22,12,27,27,35,18,19,21,20,29,26,-1,26,-1,-1,-1,79,53,-1,53,-1,79,-1,51,46,-1,-1,-1,100,72,72,71,64,73,-1,56,64,-1,-1,-1,54,-1,63,53,47,72,68,56,-1,-1,80,71,73,64,-1,64,60,-1,-1,-1,58,-1,71,69,73,-1,-1,-1,-1,-1,-1,-1,86,-1,-1,62,71,78,69,79,-1,-1,69,62,-1,80,71,72,75,-1,67,67,66,50,51,50,68,-1,-1,-1,-1,56,59,51,65,74,61,71,-1,52,38,49,51,25,32,36,38,38,28,29,23,-1,45,35,46,29,45,43,17,0,6,24,32,23,-1,-1,16,20,32,24,11,-1,69,45,34,77,71,65,-1
Hampton Inn & Suites Staten Island,-1,-1,-1,-1,-1,-1,-1,-1,0,0,-1,-1,13,13,-1,-1,-1,-1,-1,-1,-1,-1,-1,-1,-1,41,-1,-1,-1,-1,-1,-1,-1,-1,-1,-1,-1,-1,-1,-1,-1,-1,-1,-1,-1,-1,-1,-1,-1,-1,-1,-1,-1,-1,-1,-1,-1,-1,-1,-1,-1,-1,-1,-1,41,19,43,-1,-1,-1,-1,-1,-1,-1,-1,-1,100,96,-1,-1,-1,-1,-1,-1,-1,-1,-1,-1,-1,-1,-1,-1,-1,-1,-1,-1,-1,-1,-1,-1,-1,-1,-1,-1,-1,-1,-1,-1,-1,-1,-1,-1,-1,-1,-1,-1,-1,-1,-1,-1,-1,41,41,-1,-1,-1,-1,-1,-1,-1,-1,-1,-1,-1,-1,-1,-1,-1,-1,-1,-1,-1,-1,-1,-1,-1,-1,-1,-1,-1,-1,-1,-1,-1,-1,-1,-1,-1,-1,-1
Hampton Inn JFK Airport,-1,-1,-1,-1,-1,-1,-1,-1,-1,-1,-1,-1,-1,-1,-1,-1,-1,-1,-1,-1,-1,-1,26,-1,-1,-1,-1,-1,-1,100,-1,-1,-1,100,74,-1,-1,-1,-1,-1,-1,-1,-1,-1,-1,-1,-1,-1,-1,-1,-1,-1,-1,-1,-1,-1,-1,-1,-1,-1,-1,-1,-1,-1,-1,-1,-1,-1,-1,-1,-1,-1,-1,-1,-1,-1,-1,-1,-1,-1,-1,-1,61,-1,56,-1,-1,-1,31,27,40,36,0,-1,-1,-1,-1,-1,-1,-1,-1,-1,-1,-1,-1,56,-1,-1,-1,56,56,-1,-1,46,56,-1,-1,46,-1,-1,-1,-1,-1,-1,-1,-1,-1,-1,-1,-1,-1,-1,-1,-1,-1,-1,-1,-1,-1,-1,-1,-1,-1,-1,-1,-1,-1,-1,-1,-1,-1,-1,-1,-1,-1,-1,-1,-1,-1,-1
Hampton Inn Madison Square Garden Area Hotel,29,25,29,28,-1,22,-1,-1,34,18,20,33,9,9,9,30,-1,7,24,-1,-1,9,10,-1,-1,-1,53,51,34,36,42,50,-1,54,43,-1,62,62,72,-1,-1,-1,-1,-1,-1,60,31,-1,54,99,66,69,-1,100,-1,-1,-1,-1,-1,49,58,-1,-1,62,44,50,59,49,-1,50,48,-1,49,48,46,44,-1,-1,-1,50,-1,-1,46,42,-1,-1,-1,-1,-1,-1,-1,-1,-1,-1,-1,-1,-1,-1,-1,-1,-1,48,-1,-1,23,26,29,30,-1,31,31,20,-1,31,27,-1,38,31,-1,-1,-1,-1,-1,-1,22,22,25,23,-1,-1,24,-1,-1,-1,22,22,-1,26,-1,-1,-1,0,-1,-1,3,-1,-1,-1,-1,-1,-1,-1,-1,-1,-1,-1,30,30,-1,25
Hampton Inn Manhattan Downtown-Financial District,-1,28,31,-1,13,15,-1,-1,-1,-1,31,-1,14,12,15,-1,-1,10,8,-1,16,8,-1,-1,82,62,53,-1,-1,-1,-1,-1,96,-1,-1,-1,-1,65,75,97,56,59,81,84,75,64,69,53,-1,-1,-1,-1,64,-1,-1,-1,84,-1,82,70,97,100,-1,-1,70,68,89,-1,43,48,-1,-1,-1,-1,65,68,80,64,79,-1,46,41,-1,35,-1,-1,-1,-1,-1,-1,-1,-1,43,53,49,51,-1,47,-1,-1,51,44,49,46,38,33,49,48,38,32,-1,-1,49,44,34,37,57,48,49,-1,-1,49,45,50,34,28,34,55,-1,21,17,21,31,21,20,30,-1,47,58,-1,-1,0,-1,-1,-1,0,-1,-1,-1,-1,-1,-1,-1,-1,-1,-1,-1,48,43,-1
Hampton Inn Manhattan Soho,34,41,51,49,-1,-1,37,-1,-1,32,56,56,28,35,63,-1,-1,-1,19,21,-1,21,25,39,60,63,-1,68,56,-1,-1,-1,-1,-1,-1,-1,82,-1,-1,-1,82,-1,-1,-1,-1,58,65,-1,89,68,65,73,52,56,-1,-1,-1,-1,-1,-1,100,-1,-1,75,82,78,80,-1,53,75,-1,-1,-1,-1,46,-1,48,53,78,51,73,75,48,45,65,-1,49,46,-1,48,39,53,-1,39,35,-1,43,-1,-1,-1,-1,-1,-1,-1,-1,-1,-1,-1,34,75,32,-1,-1,-1,29,29,44,38,-1,-1,-1,-1,41,51,28,26,29,-1,47,25,19,21,-1,32,33,-1,36,41,40,41,-1,2,0,-1,7,6,8,14,-1,24,26,-1,43,36,34,30,-1,45,43,-1
Hampton Inn Manhattan Times Square Central,34,28,-1,-1,19,15,12,8,-1,28,35,-1,60,-1,18,39,39,-1,3,39,-1,0,-1,-1,-1,-1,-1,-1,-1,-1,-1,-1,-1,24,-1,-1,-1,-1,-1,-1,-1,-1,-1,-1,-1,-1,-1,-1,57,-1,88,100,55,43,35,35,57,73,32,-1,-1,-1,-1,-1,44,48,50,45,-1,28,19,26,49,16,28,34,-1,28,49,29,31,30,23,30,49,51,49,-1,62,51,-1,46,-1,44,-1,-1,54,-1,-1,-1,-1,-1,28,-1,22,22,-1,24,-1,-1,19,-1,-1,19,-1,-1,-1,19,21,-1,-1,-1,45,45,-1,38,38,19,-1,-1,18,24,-1,-1,-1,-1,19,-1,-1,20,-1,10,7,11,-1,1,15,4,43,-1,18,-1,-1,37,31,-1,26,20,22,46
Hampton Inn Manhattan Times Square South,18,-1,25,44,22,20,18,16,15,20,16,24,13,13,14,16,-1,-1,-1,-1,-1,14,9,10,100,-1,-1,-1,57,71,-1,-1,-1,-1,-1,-1,-1,-1,-1,79,-1,67,-1,-1,66,67,-1,-1,64,79,72,-1,-1,-1,-1,-1,-1,48,-1,-1,-1,-1,86,91,55,50,55,57,-1,-1,-1,-1,-1,-1,-1,-1,-1,-1,-1,75,-1,-1,-1,-1,-1,-1,-1,-1,-1,-1,-1,-1,-1,-1,-1,-1,-1,-1,-1,-1,-1,-1,51,46,-1,-1,-1,-1,-1,-1,-1,-1,27,29,29,31,-1,-1,-1,-1,-1,-1,-1,-1,30,32,33,-1,-1,28,-1,21,-1,-1,-1,-1,-1,-1,-1,-1,0,-1,-1,-1,-1,-1,-1,-1,-1,-1,-1,-1,-1,-1,-1,-1,25,25,25,28
Hampton Inn Manhattan United Nations,17,19,21,59,-1,21,46,18,25,25,24,37,16,23,26,29,-1,-1,26,-1,-1,-1,-1,-1,82,79,89,-1,56,51,46,37,58,54,41,-1,-1,-1,-1,-1,63,49,40,41,60,40,41,56,-1,-1,100,-1,-1,56,40,31,60,54,37,70,87,91,-1,-1,45,33,40,40,-1,-1,56,-1,63,70,73,87,53,65,75,55,-1,-1,51,54,75,66,74,-1,48,46,48,50,43,54,50,38,49,50,39,43,-1,-1,48,-1,30,33,36,-1,-1,31,33,28,45,31,33,34,51,50,-1,-1,37,47,50,-1,21,34,29,25,-1,-1,26,24,-1,-1,-1,-1,-1,-1,-1,-1,-1,0,0,-1,4,4,22,25,36,-1,33,25,-1,-1,37,-1,58,47,60,66
Hampton Inn Manhattan-Seaport-Financial District,-1,-1,-1,-1,44,38,37,27,-1,29,31,-1,-1,29,43,-1,-1,-1,-1,0,-1,24,20,21,-1,78,-1,-1,-1,88,-1,-1,98,-1,-1,-1,-1,-1,-1,-1,82,86,78,-1,-1,77,79,92,89,92,95,-1,63,66,62,75,100,97,90,-1,-1,-1,-1,-1,-1,84,95,-1,96,97,100,-1,-1,-1,-1,-1,-1,-1,-1,-1,-1,-1,-1,-1,-1,-1,-1,-1,-1,67,80,-1,-1,62,57,-1,71,63,-1,-1,-1,52,55,-1,43,45,62,63,-1,53,-1,-1,54,44,43,40,49,48,45,-1,50,42,44,47,35,37,60,-1,56,51,36,36,47,42,41,37,32,44,49,-1,-1,8,6,13,-1,15,25,16,35,-1,-1,47,-1,41,40,21,-1,56,52,48
Hampton Inn New York - 35th Street - Empire State Building,-1,32,32,-1,-1,33,33,29,-1,-1,41,-1,-1,-1,-1,20,-1,-1,16,-1,-1,22,-1,-1,48,-1,-1,46,-1,30,37,-1,-1,68,52,59,80,-1,100,-1,-1,-1,-1,-1,-1,61,62,-1,-1,70,67,-1,-1,-1,-1,68,-1,-1,-1,-1,93,92,95,84,-1,57,60,60,56,60,-1,-1,53,47,42,41,70,71,65,68,-1,-1,-1,-1,80,66,72,72,61,64,64,76,-1,-1,-1,-1,58,46,43,48,-1,41,43,-1,30,30,32,34,44,39,32,25,40,38,30,29,-1,36,-1,-1,-1,40,-1,-1,-1,35,-1,24,32,33,15,25,31,30,30,19,20,17,31,36,0,1,6,12,-1,14,14,9,-1,22,19,27,-1,26,17,19,-1,48,40,41
Hampton Inn New York - LaGuardia Airport,-1,-1,-1,-1,-1,-1,-1,-1,-1,-1,-1,-1,-1,-1,-1,-1,-1,-1,-1,-1,-1,-1,-1,-1,-1,-1,-1,-1,-1,-1,-1,-1,-1,-1,-1,-1,-1,-1,-1,-1,-1,-1,-1,-1,-1,-1,-1,-1,-1,-1,-1,-1,-1,-1,-1,-1,-1,-1,-1,-1,-1,-1,-1,-1,-1,-1,-1,-1,-1,-1,-1,-1,-1,-1,-1,-1,-1,-1,-1,-1,-1,-1,-1,-1,-1,-1,-1,-1,-1,-1,-1,-1,-1,-1,-1,-1,-1,-1,-1,-1,-1,-1,-1,-1,-1,-1,-1,-1,-1,-1,-1,-1,-1,-1,-1,-1,-1,-1,-1,-1,-1,-1,-1,-1,-1,-1,0,-1,-1,100,-1,-1,-1,-1,-1,-1,-1,-1,-1,-1,-1,-1,-1,-1,-1,-1,-1,-1,-1,-1,-1,-1,-1,-1,-1,-1,-1,-1,-1,-1
Hampton Inn New York Chelsea,-1,-1,-1,-1,-1,33,31,26,-1,-1,-1,-1,-1,-1,-1,-1,-1,-1,-1,-1,-1,-1,-1,-1,-1,-1,-1,84,-1,-1,-1,-1,79,94,84,87,-1,-1,-1,-1,100,90,83,79,89,67,67,62,-1,-1,-1,-1,-1,-1,-1,66,96,76,71,67,-1,-1,-1,-1,-1,-1,-1,-1,78,74,-1,71,81,68,-1,-1,-1,-1,-1,-1,-1,71,70,60,-1,-1,-1,-1,-1,-1,-1,-1,-1,65,-1,-1,75,75,43,44,-1,-1,-1,-1,-1,-1,-1,-1,56,52,-1,42,57,-1,50,59,-1,-1,-1,-1,63,-1,-1,-1,-1,-1,-1,-1,-1,-1,39,34,-1,-1,-1,-1,-1,-1,-1,-1,-1,-1,-1,-1,0,0,0,0,-1,-1,-1,30,-1,-1,36,43,-1,50,-1,-1
Hampton Inn Times Square North,14,-1,-1,29,-1,-1,-1,-1,-1,-1,-1,-1,-1,-1,-1,-1,7,-1,-1,-1,-1,-1,3,-1,-1,100,-1,-1,-1,-1,50,53,-1,52,49,-1,-1,73,-1,65,-1,-1,-1,-1,-1,-1,49,-1,62,63,59,-1,52,51,30,29,-1,40,38,52,-1,-1,-1,-1,-1,-1,52,-1,-1,-1,-1,17,-1,-1,-1,-1,66,52,-1,-1,-1,-1,-1,47,-1,-1,-1,-1,-1,-1,-1,-1,-1,-1,-1,-1,-1,-1,-1,-1,-1,-1,-1,-1,-1,-1,-1,-1,-1,-1,-1,-1,20,21,-1,-1,18,-1,-1,-1,-1,-1,-1,-1,-1,-1,-1,-1,-1,-1,-1,-1,-1,-1,-1,-1,-1,-1,-1,-1,-1,-1,-1,-1,-1,-1,1,-1,-1,-1,0,-1,-1,-1,-1,-1,-1,-1,-1,-1
Hilton Garden Inn New York Central Park South-Midtown West,11,24,15,24,-1,19,19,13,18,14,11,18,41,1,18,8,-1,-1,26,0,-1,29,6,-1,64,78,-1,-1,-1,48,57,-1,73,66,-1,-1,100,-1,88,92,-1,74,51,64,54,51,42,52,88,55,51,51,61,59,54,53,-1,28,52,68,-1,65,91,63,51,65,54,51,63,58,60,43,-1,49,-1,-1,57,61,64,58,-1,44,-1,50,-1,-1,77,-1,60,43,-1,78,54,-1,47,55,-1,44,46,-1,-1,-1,-1,-1,38,39,41,25,49,51,47,33,-1,41,28,-1,39,44,-1,-1,-1,48,-1,-1,30,37,43,16,-1,-1,-1,-1,34,33,28,-1,46,-1,27,57,-1,-1,12,-1,-1,-1,-1,-1,-1,-1,29,5,-1,29,23,17,-1,-1,-1,-1
Hilton Garden Inn New York Long Island City,19,-1,-1,-1,-1,-1,-1,-1,5,-1,-1,-1,8,-1,-1,20,-1,11,11,6,-1,-1,16,-1,-1,-1,-1,-1,-1,31,-1,-1,-1,-1,-1,-1,76,-1,-1,94,-1,-1,-1,-1,-1,69,89,100,-1,-1,44,-1,41,29,26,32,-1,27,-1,-1,-1,-1,-1,-1,-1,71,74,-1,-1,33,-1,32,-1,59,-1,-1,-1,57,64,63,36,37,-1,34,-1,-1,-1,-1,-1,-1,-1,-1,-1,-1,-1,-1,-1,-1,-1,-1,-1,-1,-1,-1,-1,-1,-1,-1,-1,-1,-1,-1,-1,-1,-1,-1,-1,-1,-1,-1,-1,18,18,29,13,16,16,-1,-1,-1,-1,-1,-1,9,12,13,-1,-1,-1,29,-1,0,-1,-1,0,0,-1,-1,-1,-1,-1,-1,15,16,12,9,-1,25,22,21
Hilton Garden Inn New York Manhattan-Chelsea,-1,31,-1,17,-1,-1,-1,-1,17,16,15,16,-1,16,-1,14,-1,-1,7,11,24,7,8,-1,-1,54,50,-1,-1,68,38,-1,49,44,49,51,80,72,79,-1,51,56,60,-1,59,34,39,-1,-1,-1,43,44,-1,-1,-1,-1,63,56,-1,-1,100,-1,90,69,-1,47,45,47,-1,-1,-1,-1,-1,-1,-1,-1,-1,43,45,47,-1,37,41,-1,-1,-1,-1,-1,-1,-1,-1,-1,-1,-1,-1,-1,-1,28,-1,-1,-1,-1,49,52,35,33,33,35,-1,-1,-1,-1,-1,-1,-1,-1,-1,-1,-1,-1,-1,-1,21,24,-1,20,17,32,27,16,16,16,-1,15,-1,-1,-1,-1,-1,-1,0,-1,-1,-1,-1,0,0,1,21,33,-1,-1,41,38,37,37,-1,-1,-1,-1
Hilton Garden Inn New York Manhattan-Midtown East,21,30,-1,-1,-1,27,17,17,13,19,18,-1,4,4,6,19,-1,18,0,6,29,18,15,-1,-1,67,-1,-1,-1,-1,-1,-1,-1,-1,-1,-1,80,80,84,-1,-1,78,89,-1,80,100,66,-1,67,58,79,-1,-1,-1,-1,-1,-1,64,63,-1,-1,96,-1,-1,-1,-1,80,81,-1,76,68,-1,74,81,-1,-1,65,56,-1,95,-1,-1,67,67,-1,-1,-1,-1,62,-1,-1,60,61,59,61,54,73,-1,-1,72,-1,-1,-1,-1,46,-1,59,-1,-1,-1,-1,-1,-1,-1,-1,-1,44,-1,64,-1,-1,-1,-1,-1,33,27,-1,26,-1,-1,41,33,44,-1,-1,-1,-1,-1,26,-1,8,-1,3,-1,-1,16,16,16,-1,-1,-1,-1,-1,-1,36,-1,-1,-1,52,54
Hilton Garden Inn New York Midtown Park Ave,16,18,23,27,-1,16,14,8,20,18,23,18,11,17,11,18,-1,8,10,6,27,15,16,21,43,43,51,-1,-1,42,44,30,54,-1,47,-1,76,78,90,100,59,57,59,-1,48,44,44,48,-1,-1,-1,-1,46,42,35,45,56,51,55,45,-1,-1,70,68,74,57,59,57,-1,46,38,45,-1,-1,-1,-1,53,59,55,57,-1,-1,44,77,-1,61,66,-1,46,51,59,48,-1,38,33,33,46,35,42,48,-1,-1,-1,-1,40,44,35,41,-1,-1,-1,-1,35,32,29,27,34,38,38,46,-1,-1,-1,-1,25,31,-1,-1,-1,-1,-1,-1,25,28,34,23,29,25,-1,23,-1,-1,7,7,-1,18,9,0,11,13,24,30,-1,34,27,24,49,38,-1,-1
Hilton Garden Inn New York West 35th Street,19,11,17,9,12,16,12,11,30,11,11,8,2,10,13,9,14,2,0,0,11,18,15,19,41,39,46,46,44,36,33,26,49,46,36,44,49,52,57,61,50,39,42,42,34,31,23,38,54,57,57,54,-1,51,43,44,58,57,50,46,100,66,65,61,51,48,49,46,-1,44,37,42,64,59,48,51,49,44,42,42,33,32,33,-1,52,55,62,-1,37,-1,-1,32,45,38,45,42,49,53,43,44,65,56,55,61,-1,34,27,-1,-1,23,19,17,37,36,23,30,-1,-1,35,-1,-1,-1,-1,-1,9,13,18,-1,-1,-1,-1,18,31,34,16,10,12,22,22,21,-1,-1,-1,-1,-1,-1,-1,-1,-1,5,26,29,-1,26,15,9,43,34,34,-1
Hilton Garden Inn New York-Times Square Central,25,24,29,26,-1,-1,-1,2,2,4,19,24,-1,-1,-1,-1,-1,-1,0,0,-1,13,13,4,-1,57,67,61,51,45,42,58,83,65,65,-1,-1,-1,91,93,72,76,42,40,70,56,47,62,-1,71,79,76,81,-1,-1,69,93,43,71,76,-1,-1,-1,66,74,71,-1,59,72,80,-1,75,72,80,64,69,77,64,88,63,58,61,60,57,-1,64,76,-1,59,63,63,59,-1,67,-1,-1,-1,60,75,-1,60,-1,-1,-1,43,41,-1,-1,44,38,-1,28,45,-1,27,42,60,39,-1,-1,-1,-1,-1,-1,32,-1,37,33,44,5,28,30,41,-1,-1,-1,19,-1,-1,28,-1,-1,-1,-1,-1,-1,-1,-1,-1,13,19,-1,100,54,32,17,-1,-1,-1,-1
Hilton Garden Inn Times Square,39,46,48,39,40,35,32,38,21,32,25,25,-1,24,22,16,22,25,22,-1,15,-1,24,13,88,81,75,71,-1,58,52,65,83,81,70,78,83,87,100,96,77,78,69,77,48,46,35,35,56,68,79,73,60,61,64,50,51,49,42,36,75,86,95,82,81,75,66,77,69,62,59,76,58,64,55,73,-1,67,77,58,63,65,49,67,72,72,72,-1,64,70,64,65,61,48,52,43,63,59,63,59,78,80,74,-1,36,40,-1,32,37,42,30,36,27,29,27,-1,-1,-1,-1,-1,50,49,51,-1,36,35,31,32,-1,21,21,19,44,21,40,40,25,35,-1,25,16,24,26,-1,-1,30,0,6,-1,21,28,30,43,33,21,17,66,46,36,50
Hilton Garden Inn Tribeca,-1,-1,-1,-1,-1,-1,-1,28,-1,-1,-1,-1,-1,-1,-1,-1,-1,-1,-1,-1,-1,-1,-1,-1,-1,-1,-1,-1,-1,84,-1,-1,-1,-1,-1,-1,-1,-1,-1,-1,-1,-1,-1,-1,-1,-1,-1,-1,-1,-1,-1,-1,-1,-1,-1,-1,-1,-1,-1,-1,-1,-1,-1,-1,-1,-1,-1,-1,-1,86,-1,-1,100,-1,90,92,-1,83,71,-1,-1,-1,-1,-1,-1,-1,-1,-1,-1,-1,-1,-1,-1,-1,-1,-1,-1,-1,-1,-1,-1,-1,-1,-1,-1,-1,-1,-1,-1,51,58,-1,52,-1,62,-1,-1,-1,-1,-1,-1,-1,-1,-1,-1,49,47,-1,45,46,-1,65,-1,-1,68,59,-1,-1,-1,-1,-1,-1,-1,-1,-1,-1,-1,0,-1,-1,-1,-1,33,26,-1,-1,-1,56,-1,-1
Hilton Manhattan East,-1,25,19,9,-1,16,12,15,-1,13,10,14,-1,-1,15,-1,-1,4,3,-1,34,31,22,23,-1,-1,-1,-1,-1,-1,-1,-1,51,41,37,37,-1,87,100,81,-1,78,70,52,-1,70,62,83,-1,80,86,91,-1,79,-1,-1,60,49,63,59,57,94,69,88,-1,56,63,67,73,65,58,48,67,70,66,59,57,67,-1,92,-1,-1,-1,50,-1,-1,-1,-1,49,53,-1,-1,40,49,48,46,57,-1,-1,-1,-1,-1,-1,-1,40,42,41,47,-1,-1,39,25,43,37,29,41,56,45,-1,-1,-1,39,40,-1,26,28,33,51,25,30,24,-1,48,49,45,-1,-1,-1,-1,-1,0,0,-1,-1,-1,6,3,-1,-1,-1,19,16,-1,-1,-1,-1,57,-1,-1,-1
Hilton New York Fashion District,-1,16,19,-1,-1,-1,-1,3,-1,-1,-1,-1,-1,2,0,3,-1,-1,-1,-1,-1,-1,-1,-1,45,49,-1,-1,-1,-1,53,45,100,-1,53,-1,-1,-1,-1,-1,-1,-1,-1,-1,-1,-1,48,44,-1,-1,69,81,-1,-1,-1,-1,-1,57,-1,-1,-1,-1,-1,66,43,-1,43,53,-1,-1,-1,-1,-1,-1,45,32,-1,53,80,82,-1,-1,-1,-1,-1,-1,-1,-1,37,42,70,-1,58,59,54,-1,52,-1,-1,-1,-1,-1,-1,-1,34,31,34,37,44,35,28,26,47,47,35,33,-1,52,46,-1,42,-1,-1,37,22,29,33,-1,-1,-1,22,13,48,41,-1,25,23,19,52,37,-1,-1,-1,-1,-1,-1,-1,-1,-1,29,30,-1,42,35,-1,36,-1,-1,-1,-1
Hilton New York JFK Airport,-1,-1,-1,-1,-1,-1,-1,-1,-1,-1,-1,-1,-1,-1,-1,-1,-1,-1,-1,-1,-1,-1,29,-1,-1,-1,-1,100,-1,-1,-1,-1,-1,-1,-1,-1,-1,-1,-1,-1,-1,-1,-1,-1,-1,-1,-1,-1,-1,3,-1,-1,27,-1,-1,-1,20,17,28,-1,-1,-1,-1,-1,-1,-1,-1,-1,-1,-1,-1,-1,-1,-1,-1,-1,-1,-1,-1,-1,6,22,20,-1,-1,-1,-1,-1,11,0,35,49,-1,-1,-1,-1,-1,-1,-1,-1,-1,-1,-1,-1,-1,-1,-1,-1,-1,-1,-1,-1,-1,-1,-1,-1,-1,-1,-1,-1,-1,-1,-1,-1,-1,-1,-1,-1,-1,-1,-1,-1,-1,-1,-1,-1,-1,-1,-1,-1,-1,-1,-1,-1,-1,-1,-1,-1,-1,-1,-1,-1,-1,-1,-1,-1,-1,-1,-1,-1
Hilton Newark Airport,21,41,41,-1,-1,-1,41,21,0,41,30,-1,21,41,41,-1,-1,-1,41,21,54,-1,50,-1,8,31,54,-1,-1,-1,37,15,77,67,44,-1,34,50,54,-1,-1,-1,50,-1,83,67,-1,-1,70,100,-1,-1,-1,-1,-1,-1,-1,-1,-1,-1,-1,-1,-1,-1,31,44,57,-1,100,-1,-1,-1,-1,-1,-1,-1,37,57,77,-1,-1,-1,57,37,-1,57,73,90,37,54,70,-1,-1,-1,50,34,-1,67,50,-1,-1,70,80,-1,34,50,67,-1,-1,-1,-1,-1,-1,-1,-1,-1,-1,67,-1,-1,-1,50,67,83,34,50,67,-1,-1,-1,50,37,-1,67,57,-1,11,37,54,77,-1,-1,-1,-1,-1,-1,-1,-1,37,24,-1,15,37,-1,44,15,-1,-1,44,-1
Hilton Times Square,38,44,51,-1,39,29,-1,38,41,37,48,-1,21,23,40,36,37,11,9,49,-1,-1,26,31,-1,-1,70,65,41,78,52,58,65,66,76,71,-1,71,77,90,66,62,61,59,60,58,45,-1,76,80,100,82,76,71,68,68,70,66,60,78,89,86,84,83,54,57,70,54,53,-1,57,74,-1,65,65,-1,84,87,94,65,-1,70,51,66,-1,88,73,73,-1,64,78,65,85,-1,47,75,58,73,55,-1,-1,54,60,70,41,42,52,51,52,46,51,39,47,55,34,52,48,55,48,52,50,52,51,-1,43,30,46,41,42,44,28,47,53,32,32,45,48,30,36,34,29,0,19,29,13,24,16,-1,-1,23,20,33,-1,36,45,31,73,54,40,36
Holiday Inn New York JFK Airport Area,-1,-1,-1,-1,-1,-1,-1,-1,-1,-1,-1,-1,70,78,-1,-1,73,83,-1,-1,79,89,-1,-1,-1,-1,-1,-1,69,77,-1,-1,-1,-1,-1,-1,-1,-1,-1,-1,-1,-1,100,-1,-1,-1,-1,-1,-1,-1,-1,-1,-1,63,-1,-1,71,66,-1,-1,-1,-1,-1,-1,43,-1,-1,-1,25,-1,-1,-1,18,-1,-1,-1,-1,-1,-1,-1,34,-1,-1,-1,21,-1,-1,-1,12,-1,-1,-1,9,-1,-1,-1,-1,-1,-1,-1,-1,-1,-1,-1,-1,-1,-1,-1,-1,-1,-1,-1,-1,-1,-1,-1,-1,-1,-1,-1,-1,-1,-1,-1,-1,-1,-1,-1,-1,-1,-1,-1,-1,-1,-1,-1,-1,-1,-1,-1,-1,-1,-1,-1,-1,-1,-1,-1,0,11,-1,-1,1,-1,-1,-1,-1,-1,14,2
Home2 Suites by Hilton NY Long Island City Manhattan View,12,14,-1,-1,-1,-1,-1,-1,-1,-1,-1,-1,-1,21,27,30,-1,8,5,-1,-1,8,-1,-1,69,-1,69,65,52,55,55,-1,-1,46,-1,-1,-1,-1,-1,-1,-1,-1,-1,-1,-1,-1,-1,-1,42,-1,-1,100,-1,-1,-1,-1,-1,42,40,-1,76,-1,89,-1,36,36,50,40,-1,-1,-1,17,-1,-1,-1,-1,44,50,55,55,-1,-1,-1,-1,-1,30,40,-1,19,28,34,32,-1,-1,-1,-1,-1,40,40,-1,-1,36,-1,-1,19,23,27,28,21,28,-1,-1,-1,-1,-1,-1,-1,-1,-1,-1,-1,-1,-1,-1,21,-1,22,21,-1,-1,-1,-1,-1,-1,-1,-1,0,4,6,12,-1,-1,-1,-1,-1,-1,-1,-1,-1,3,7,-1,8,13,-1,-1,-1,-1,-1,-1
Homewood Suites by Hilton NY Midtown Manhattan Times Square,22,27,31,33,43,37,33,22,-1,-1,-1,-1,-1,-1,-1,-1,33,20,4,0,48,19,17,44,70,68,77,61,-1,68,31,45,77,-1,47,-1,72,-1,68,68,-1,73,67,45,80,50,48,42,79,-1,100,-1,-1,42,44,66,79,60,-1,-1,-1,-1,-1,-1,60,70,63,57,-1,54,55,-1,70,77,59,70,-1,-1,-1,64,66,54,71,-1,-1,78,72,-1,77,72,72,58,-1,63,-1,-1,66,80,-1,-1,-1,63,58,-1,6,12,20,50,-1,2,63,50,40,69,67,-1,70,69,80,-1,-1,30,45,-1,21,17,21,45,-1,29,-1,-1,33,31,13,31,-1,-1,-1,-1,-1,-1,-1,-1,-1,-1,18,2,42,-1,52,-1,-1,-1,-1,-1,-1,-1,-1,-1
Hotel 48LEX New York,-1,-1,-1,-1,-1,-1,-1,11,5,-1,-1,-1,-1,-1,-1,-1,-1,-1,-1,-1,-1,-1,-1,-1,-1,-1,-1,-1,-1,-1,-1,-1,-1,-1,-1,-1,-1,99,-1,-1,98,100,-1,-1,-1,-1,-1,-1,-1,61,-1,-1,-1,-1,-1,-1,-1,-1,-1,-1,-1,-1,-1,-1,-1,-1,-1,-1,-1,-1,-1,-1,-1,-1,-1,-1,-1,-1,-1,-1,-1,-1,-1,-1,-1,83,-1,-1,80,82,-1,-1,26,-1,-1,-1,-1,52,57,-1,-1,-1,-1,-1,-1,-1,-1,-1,-1,-1,-1,-1,-1,-1,-1,-1,70,71,-1,-1,-1,-1,58,-1,-1,-1,-1,-1,-1,-1,-1,-1,-1,-1,-1,-1,-1,0,38,-1,-1,-1,-1,-1,-1,-1,-1,-1,-1,-1,-1,-1,-1,-1,-1,-1,-1,-1,-1,-1
Howard Johnson Bronx Near Stadium,-1,-1,-1,-1,-1,-1,-1,-1,-1,-1,-1,-1,-1,-1,-1,-1,-1,-1,-1,-1,-1,8,20,-1,-1,43,52,-1,39,48,57,-1,44,53,62,-1,-1,-1,-1,-1,-1,-1,-1,-1,-1,-1,-1,-1,-1,-1,-1,-1,-1,-1,-1,-1,-1,75,-1,-1,-1,-1,-1,-1,-1,-1,-1,-1,6,-1,-1,-1,-1,36,45,6,-1,-1,-1,-1,-1,-1,-1,-1,-1,-1,-1,-1,-1,-1,-1,-1,-1,-1,-1,-1,-1,-1,-1,-1,-1,-1,-1,-1,-1,-1,-1,-1,-1,-1,-1,-1,-1,8,17,-1,0,8,17,-1,-1,-1,-1,-1,-1,-1,-1,-1,-1,-1,-1,-1,-1,15,24,-1,-1,-1,-1,-1,-1,39,49,-1,28,38,48,-1,-1,-1,-1,-1,-1,74,87,-1,73,86,100,-1
Howard Johnson Express Inn Bronx,-1,-1,-1,-1,-1,-1,-1,-1,-1,-1,-1,-1,-1,-1,-1,-1,-1,-1,-1,-1,-1,59,89,-1,-1,-1,-1,-1,-1,-1,-1,-1,-1,9,-1,-1,-1,-1,-1,-1,-1,-1,-1,-1,-1,9,-1,-1,-1,-1,-1,-1,-1,-1,-1,-1,-1,9,-1,-1,-1,-1,-1,-1,-1,-1,-1,-1,-1,-1,-1,-1,-1,-1,-1,-1,-1,-1,-1,-1,-1,-1,-1,-1,-1,-1,-1,-1,-1,-1,-1,-1,-1,-1,-1,-1,-1,-1,-1,-1,-1,-1,-1,-1,-1,-1,-1,-1,-1,-1,-1,-1,-1,77,100,-1,0,22,45,-1,-1,-1,-1,-1,-1,-1,-1,-1,-1,-1,-1,-1,-1,77,100,-1,-1,-1,-1,-1,-1,77,-1,-1,0,22,45,-1,-1,-1,-1,-1,-1,-1,-1,-1,-1,11,34,-1
Howard Johnson Flushing,-1,-1,-1,-1,-1,-1,-1,-1,-1,-1,-1,-1,-1,-1,-1,-1,-1,-1,-1,-1,-1,-1,-1,-1,-1,-1,-1,-1,-1,-1,-1,-1,-1,-1,-1,-1,-1,-1,-1,-1,-1,-1,-1,-1,-1,-1,-1,-1,-1,-1,-1,-1,-1,-1,-1,-1,-1,-1,-1,-1,-1,-1,-1,-1,-1,-1,-1,-1,-1,-1,-1,-1,-1,-1,-1,-1,-1,-1,-1,-1,-1,-1,-1,-1,-1,-1,-1,-1,100,-1,-1,-1,-1,-1,-1,84,-1,30,-1,-1,-1,-1,-1,-1,-1,-1,-1,-1,-1,-1,-1,-1,-1,15,-1,-1,4,15,-1,-1,-1,-1,-1,-1,-1,-1,-1,-1,-1,-1,-1,-1,-1,15,-1,-1,-1,-1,-1,-1,-1,-1,-1,-1,4,15,-1,-1,-1,-1,-1,-1,54,21,31,54,0,10,-1,-1
Howard Johnson Inn Jamaica JFK Airport NYC,-1,-1,-1,-1,-1,-1,-1,-1,-1,-1,-1,-1,-1,-1,-1,-1,-1,-1,-1,-1,-1,-1,-1,-1,-1,-1,-1,-1,-1,-1,-1,-1,-1,-1,-1,-1,-1,-1,-1,-1,-1,-1,-1,-1,-1,-1,-1,-1,99,-1,-1,-1,-1,-1,-1,-1,-1,100,-1,-1,-1,-1,-1,-1,-1,-1,-1,-1,-1,-1,-1,-1,-1,73,-1,-1,69,-1,-1,-1,-1,-1,-1,-1,-1,-1,-1,-1,-1,-1,-1,-1,-1,-1,-1,-1,-1,81,-1,-1,-1,-1,-1,-1,-1,-1,-1,-1,-1,-1,-1,-1,-1,50,60,-1,33,39,-1,-1,-1,29,-1,-1,16,-1,-1,-1,-1,-1,-1,-1,-1,17,-1,-1,-1,-1,-1,-1,-1,17,-1,-1,0,6,-1,-1,-1,-1,-1,-1,-1,16,-1,-1,0,5,-1,-1
Hudson New York Central Park,-1,-1,-1,-1,-1,-1,-1,-1,-1,-1,-1,-1,-1,-1,-1,-1,-1,-1,-1,-1,-1,-1,-1,-1,-1,-1,-1,-1,-1,-1,-1,-1,-1,-1,-1,-1,-1,-1,-1,-1,-1,-1,-1,-1,-1,-1,-1,-1,-1,-1,-1,-1,-1,-1,-1,-1,-1,-1,-1,-1,-1,-1,-1,-1,-1,-1,-1,-1,-1,-1,-1,-1,-1,-1,100,-1,-1,-1,-1,-1,-1,-1,-1,-1,-1,-1,-1,-1,-1,-1,-1,-1,-1,-1,-1,-1,-1,66,-1,-1,-1,-1,-1,-1,-1,-1,-1,-1,-1,-1,-1,-1,-1,45,49,-1,-1,-1,-1,-1,-1,-1,-1,-1,-1,-1,-1,-1,38,-1,30,-1,25,12,23,-1,20,-1,-1,-1,-1,0,1,-1,-1,-1,-1,-1,-1,-1,29,-1,-1,-1,-1,-1,-1,-1,-1,-1
Hyatt Herald Square New York,18,29,-1,-1,-1,-1,-1,20,10,8,-1,45,2,0,2,-1,25,4,15,2,23,15,14,23,44,45,54,-1,54,-1,-1,-1,-1,58,57,59,-1,-1,100,-1,-1,-1,-1,84,-1,-1,95,-1,-1,-1,-1,-1,48,49,48,-1,-1,-1,-1,-1,76,85,75,76,84,67,44,43,48,56,44,43,43,44,-1,-1,53,-1,57,54,43,42,45,43,-1,68,88,-1,45,45,-1,48,-1,32,32,30,43,41,44,-1,57,-1,57,-1,45,43,36,38,-1,-1,-1,-1,42,34,33,45,-1,26,44,43,45,-1,32,25,30,14,18,30,25,13,16,39,-1,25,22,26,17,20,20,21,2,-1,4,-1,3,-1,2,-1,8,20,11,-1,29,28,29,-1,47,47,46,82
Hyatt Place Flushing LaGuardia Airport,-1,-1,-1,-1,-1,27,-1,-1,-1,-1,-1,-1,-1,-1,-1,-1,-1,-1,-1,-1,-1,-1,-1,-1,-1,-1,-1,-1,-1,-1,-1,-1,-1,-1,-1,-1,6,-1,-1,-1,93,-1,50,12,100,70,45,-1,-1,-1,-1,-1,-1,-1,95,-1,-1,78,-1,-1,-1,60,83,81,-1,-1,-1,-1,-1,-1,-1,-1,-1,-1,-1,-1,-1,-1,-1,-1,-1,-1,-1,-1,-1,-1,-1,-1,-1,24,-1,-1,32,-1,-1,-1,-1,-1,-1,-1,-1,-1,-1,-1,-1,-1,-1,-1,-1,-1,-1,-1,-1,-1,-1,-1,-1,-1,-1,-1,-1,-1,-1,-1,6,-1,-1,-1,28,-1,-1,-1,-1,-1,-1,-1,0,1,-1,-1,-1,-1,-1,-1,-1,-1,-1,-1,-1,-1,-1,-1,-1,-1,-1,-1,-1,-1,-1,-1
Hyatt Place New York Midtown South,-1,-1,-1,-1,-1,-1,-1,-1,-1,-1,-1,-1,-1,-1,-1,-1,-1,-1,-1,-1,-1,-1,7,6,-1,-1,54,-1,-1,-1,-1,56,-1,-1,-1,-1,-1,69,72,74,-1,-1,-1,-1,63,61,-1,63,-1,-1,-1,74,-1,-1,-1,-1,51,49,-1,49,-1,-1,-1,100,-1,-1,-1,-1,-1,-1,61,-1,-1,41,38,-1,-1,-1,-1,-1,-1,58,48,-1,-1,52,-1,-1,50,-1,-1,-1,-1,-1,56,-1,-1,38,58,-1,-1,56,55,-1,31,31,34,38,-1,-1,38,-1,-1,32,31,-1,48,48,-1,48,41,41,41,37,24,15,22,15,-1,17,37,-1,-1,25,-1,-1,-1,14,17,-1,2,1,0,0,-1,24,7,-1,13,18,18,13,48,34,31,31,-1,58,58,-1
Hyatt Times Square New York,-1,26,27,29,-1,30,28,-1,-1,-1,27,-1,22,26,27,25,35,23,23,21,-1,30,23,-1,-1,-1,64,-1,65,64,64,-1,-1,82,63,68,-1,-1,-1,-1,-1,78,67,67,81,66,61,70,-1,-1,-1,73,-1,69,85,78,-1,88,85,91,-1,-1,-1,-1,100,84,84,73,-1,88,85,84,-1,88,85,-1,-1,-1,-1,-1,-1,57,64,62,-1,-1,-1,-1,-1,-1,-1,-1,-1,-1,75,81,-1,74,-1,-1,77,52,-1,-1,40,-1,-1,-1,-1,38,36,21,-1,64,57,-1,-1,64,-1,-1,-1,-1,-1,-1,54,-1,-1,-1,-1,-1,50,-1,-1,-1,54,-1,-1,-1,-1,-1,-1,-1,23,-1,-1,5,0,9,-1,24,27,-1,-1,23,-1,-1,-1,-1,-1,-1
Hyatt Union Square New York,22,-1,24,-1,-1,-1,-1,-1,22,-1,37,-1,52,-1,-1,-1,-1,-1,-1,-1,-1,-1,-1,-1,74,72,84,87,62,69,60,71,98,-1,75,-1,-1,-1,-1,-1,-1,-1,-1,-1,66,-1,-1,-1,-1,-1,-1,-1,-1,-1,-1,-1,-1,75,64,64,100,80,88,83,67,61,-1,72,63,56,-1,83,57,70,55,64,96,-1,95,-1,-1,72,-1,74,-1,-1,74,64,-1,67,77,-1,60,62,-1,-1,47,-1,-1,47,64,62,65,72,-1,-1,-1,-1,-1,76,43,-1,-1,-1,45,-1,-1,56,61,66,-1,-1,68,53,61,62,65,65,47,51,46,41,52,53,41,47,26,34,42,42,9,-1,-1,-1,-1,-1,0,-1,-1,-1,-1,-1,55,56,49,53,72,69,-1,-1
Jet Luxury at the Trump SoHo,-1,-1,-1,-1,-1,-1,-1,-1,-1,-1,-1,-1,-1,-1,-1,-1,-1,-1,-1,-1,-1,-1,1,0,-1,-1,-1,-1,88,91,-1,86,84,81,-1,81,-1,-1,-1,-1,-1,-1,-1,-1,-1,-1,-1,-1,-1,-1,-1,-1,100,100,100,100,-1,-1,-1,-1,-1,-1,-1,-1,-1,-1,-1,-1,-1,-1,-1,-1,-1,-1,-1,-1,-1,-1,-1,-1,-1,-1,-1,-1,-1,-1,-1,-1,-1,-1,-1,-1,-1,-1,-1,-1,-1,-1,-1,-1,-1,-1,-1,-1,-1,-1,-1,-1,-1,-1,-1,-1,-1,-1,-1,-1,-1,-1,-1,-1,-1,-1,-1,-1,-1,-1,-1,-1,-1,-1,-1,-1,-1,-1,-1,-1,-1,-1,-1,-1,-1,-1,-1,-1,-1,-1,-1,-1,-1,-1,-1,-1,-1,-1,-1,-1,-1,-1,-1,-1
Langham Place New York Fifth Avenue,47,38,49,12,0,38,3,-1,12,13,12,15,8,13,15,23,1,7,8,-1,-1,-1,-1,16,82,87,79,-1,-1,81,-1,-1,-1,73,-1,-1,84,75,93,95,60,85,73,-1,-1,-1,-1,-1,51,47,47,56,62,60,-1,100,60,-1,-1,-1,64,64,77,95,59,59,67,73,53,60,-1,59,-1,-1,-1,-1,49,38,51,56,39,49,46,-1,69,46,62,54,44,45,50,-1,28,-1,57,-1,-1,54,-1,-1,72,53,64,73,54,57,65,72,41,-1,-1,-1,-1,-1,-1,-1,-1,-1,-1,-1,59,44,48,52,42,40,45,50,-1,41,42,-1,-1,-1,-1,59,40,50,54,60,-1,-1,-1,-1,-1,-1,-1,-1,28,-1,-1,-1,33,-1,-1,39,-1,-1,56,56
Le Parker Meridien New York,-1,-1,-1,-1,-1,-1,-1,-1,-1,-1,-1,-1,4,7,10,-1,-1,10,7,4,-1,18,15,-1,-1,-1,-1,-1,45,49,49,42,70,62,57,-1,59,64,68,73,53,58,60,56,74,50,65,59,66,71,76,80,71,71,62,59,83,79,67,-1,45,49,54,58,-1,64,-1,42,53,49,48,43,88,72,67,-1,-1,58,62,68,-1,-1,-1,-1,-1,-1,-1,-1,-1,-1,-1,-1,-1,-1,-1,-1,-1,-1,-1,-1,-1,73,78,73,50,55,59,63,54,50,45,46,59,54,50,-1,71,67,-1,-1,-1,49,53,57,39,41,45,48,40,37,33,29,62,53,49,-1,-1,-1,-1,-1,15,0,0,-1,8,11,14,16,-1,-1,-1,-1,76,69,66,61,100,97,91,-1
Loews Regency New York Hotel,5,10,5,-1,0,0,-1,-1,5,3,5,-1,1,3,5,-1,1,3,-1,-1,3,5,3,1,65,69,73,78,56,65,69,65,69,73,69,100,-1,69,73,82,-1,76,-1,-1,80,78,76,82,-1,86,100,-1,65,69,-1,-1,-1,-1,-1,-1,62,61,64,-1,73,61,64,76,54,69,76,73,67,63,63,56,44,47,48,56,54,61,54,60,73,69,45,47,65,38,36,38,65,29,27,43,27,29,38,40,47,36,31,48,26,36,31,40,45,45,39,43,26,31,52,29,47,52,47,-1,65,34,31,52,29,29,31,31,54,17,17,17,34,17,17,43,52,-1,-1,-1,23,6,13,23,6,12,13,15,-1,-1,35,41,-1,-1,35,54,-1,-1,50,-1
Magnuson Convention Center Hotel,50,53,53,50,23,26,26,24,32,35,33,30,7,9,8,6,0,1,1,0,5,7,7,6,75,79,78,74,74,78,77,76,-1,54,55,52,96,100,-1,-1,75,79,77,76,76,78,77,73,79,83,81,-1,66,70,76,73,63,62,62,59,-1,-1,-1,-1,86,90,89,-1,61,65,63,61,59,63,62,59,-1,-1,-1,-1,66,70,67,65,69,72,73,69,-1,76,76,-1,65,69,-1,-1,52,56,54,51,-1,58,58,55,59,62,63,-1,-1,-1,-1,-1,-1,58,57,54,51,55,54,51,44,-1,-1,-1,-1,-1,-1,-1,24,27,25,23,-1,32,31,29,-1,-1,-1,-1,11,14,13,11,9,11,11,9,-1,-1,-1,-1,-1,-1,-1,-1,-1,-1,-1,-1
Manhattan NYC-an Affinia hotel,-1,-1,-1,-1,-1,-1,-1,-1,-1,-1,-1,-1,-1,-1,-1,-1,-1,-1,-1,-1,-1,-1,-1,-1,-1,-1,-1,-1,-1,-1,-1,-1,-1,55,52,49,-1,-1,-1,-1,-1,-1,-1,-1,47,40,43,-1,-1,-1,-1,-1,-1,69,-1,-1,-1,77,76,74,85,93,100,-1,-1,96,-1,-1,-1,-1,80,87,-1,68,75,73,82,75,95,-1,65,71,62,71,-1,-1,-1,-1,-1,-1,-1,69,-1,64,53,59,-1,44,51,57,59,59,63,-1,46,50,55,47,37,42,43,41,-1,37,39,44,-1,45,50,57,-1,46,48,-1,34,36,38,-1,-1,-1,-1,-1,26,26,26,26,-1,-1,-1,-1,-1,-1,-1,-1,9,3,0,2,-1,-1,-1,-1,-1,-1,-1,33,-1,-1,34,42
Martha Washington,52,48,59,58,38,-1,42,-1,30,23,25,-1,-1,-1,-1,-1,-1,-1,-1,-1,-1,-1,-1,-1,88,63,75,77,56,70,67,81,-1,48,-1,-1,100,76,80,77,32,40,47,94,-1,46,-1,-1,-1,66,77,77,49,31,54,24,-1,40,-1,-1,80,72,88,88,43,48,57,88,29,45,50,-1,-1,29,-1,-1,49,42,52,54,38,70,37,-1,-1,49,42,51,42,35,50,49,29,-1,37,-1,-1,-1,-1,-1,-1,36,51,66,36,44,51,54,31,31,41,-1,-1,-1,-1,-1,28,42,38,45,-1,37,41,-1,-1,31,-1,-1,30,-1,-1,-1,-1,-1,-1,-1,21,22,-1,29,3,8,18,12,0,0,-1,-1,-1,24,37,-1,-1,-1,41,61,36,29,41,44
McCarren Hotel & Pool,-1,-1,52,-1,36,42,39,-1,36,96,-1,-1,23,22,26,24,25,19,17,20,13,13,17,-1,-1,52,72,50,56,39,45,-1,-1,47,47,51,100,60,72,59,56,88,52,95,83,44,71,76,29,45,45,-1,50,37,-1,-1,32,51,-1,-1,63,71,44,52,60,62,-1,57,-1,-1,47,50,-1,-1,-1,-1,48,76,66,47,48,-1,42,48,-1,-1,-1,-1,-1,-1,-1,27,25,29,25,27,-1,18,25,-1,32,25,-1,35,32,-1,23,-1,-1,26,-1,-1,24,30,38,45,18,26,20,41,-1,25,-1,14,-1,-1,27,-1,-1,-1,-1,-1,19,-1,-1,-1,-1,-1,-1,-1,-1,2,-1,-1,0,4,12,22,18,11,20,25,13,11,13,15,0,-1,-1,-1
Millenium Hilton,17,23,23,43,33,23,6,10,-1,15,9,28,16,6,9,33,33,9,6,-1,30,4,-1,-1,-1,66,71,47,66,-1,46,-1,74,66,72,-1,-1,-1,87,93,-1,-1,-1,36,-1,-1,-1,-1,-1,-1,68,78,-1,-1,-1,-1,-1,-1,-1,71,71,80,69,69,56,73,91,78,69,57,53,-1,69,-1,-1,-1,86,61,61,93,57,57,-1,-1,-1,46,68,-1,31,45,61,69,33,30,30,29,65,61,53,53,-1,53,69,100,32,46,48,-1,20,0,11,20,63,50,42,17,69,-1,43,-1,-1,43,50,61,11,30,53,69,-1,50,16,-1,63,50,41,65,-1,-1,26,-1,-1,-1,-1,-1,-1,-1,-1,-1,-1,23,17,-1,-1,20,-1,-1,26,-1,-1,-1
NOMO SOHO,-1,-1,-1,-1,-1,-1,-1,-1,8,-1,23,-1,-1,-1,-1,-1,-1,-1,-1,-1,-1,7,4,0,85,92,100,-1,-1,-1,-1,-1,-1,-1,-1,-1,80,91,98,-1,-1,-1,-1,-1,-1,-1,-1,-1,-1,90,96,-1,65,71,78,-1,-1,-1,-1,65,-1,-1,-1,-1,79,85,92,-1,-1,86,79,74,-1,-1,-1,-1,-1,-1,-1,-1,-1,-1,-1,-1,-1,-1,-1,98,-1,-1,-1,-1,-1,-1,-1,-1,-1,-1,-1,-1,-1,-1,-1,-1,-1,-1,-1,-1,-1,78,52,51,-1,80,58,65,78,70,85,-1,88,93,82,-1,75,62,64,-1,51,57,59,-1,-1,-1,-1,49,-1,40,-1,-1,-1,-1,-1,-1,11,-1,-1,-1,-1,-1,-1,-1,-1,-1,-1,15,-1,-1,50,43
New York Hilton Midtown,-1,-1,47,48,-1,-1,37,-1,-1,30,49,33,-1,36,33,-1,37,31,-1,-1,31,31,-1,37,-1,-1,95,-1,-1,49,-1,-1,97,-1,-1,-1,-1,-1,-1,-1,-1,-1,-1,-1,86,86,76,-1,-1,-1,87,-1,-1,100,56,-1,60,-1,54,-1,-1,-1,95,95,-1,58,64,70,-1,54,45,-1,-1,-1,75,-1,73,73,75,74,-1,-1,-1,72,-1,-1,-1,-1,-1,-1,-1,-1,-1,45,44,-1,62,-1,-1,-1,-1,76,56,-1,-1,42,39,-1,38,33,-1,27,42,28,25,-1,-1,-1,-1,-1,-1,-1,45,-1,-1,42,45,-1,-1,-1,53,29,-1,-1,-1,-1,-1,-1,65,83,4,0,0,1,50,35,22,8,2,53,67,-1,-1,-1,-1,-1,-1,-1,-1,-1
New York Marriott Downtown,-1,-1,-1,-1,-1,-1,-1,-1,-1,-1,-1,-1,0,-1,-1,-1,-1,-1,-1,-1,-1,-1,-1,-1,-1,21,24,-1,-1,30,-1,81,-1,-1,-1,-1,-1,-1,88,-1,-1,78,-1,-1,87,-1,-1,-1,100,-1,73,-1,-1,73,69,64,-1,87,82,-1,-1,-1,-1,-1,61,66,70,-1,-1,68,64,59,-1,82,77,-1,49,55,58,-1,-1,40,36,32,-1,65,68,-1,-1,51,55,-1,45,48,44,39,70,59,55,-1,-1,71,76,-1,-1,50,53,-1,43,41,37,33,28,43,39,-1,-1,68,-1,-1,-1,-1,-1,-1,-1,29,32,-1,-1,24,21,17,-1,-1,38,-1,-1,13,17,-1,-1,-1,-1,-1,-1,-1,-1,-1,-1,-1,4,0,-1,-1,45,-1,-1,-1,-1,-1
New York Marriott East Side,-1,17,-1,-1,-1,19,-1,-1,9,18,-1,-1,0,6,-1,-1,-1,19,-1,4,-1,-1,-1,-1,-1,-1,-1,-1,-1,55,-1,-1,-1,-1,-1,-1,-1,100,-1,-1,-1,70,-1,-1,95,-1,-1,-1,-1,-1,-1,-1,-1,30,-1,-1,-1,-1,-1,-1,-1,92,-1,-1,-1,63,-1,-1,-1,59,-1,-1,-1,-1,-1,-1,-1,80,-1,-1,-1,51,-1,-1,-1,67,-1,-1,54,67,69,-1,-1,88,-1,-1,-1,-1,-1,-1,-1,44,62,-1,28,39,-1,-1,-1,32,37,29,-1,67,59,-1,-1,88,-1,-1,-1,-1,79,-1,-1,50,-1,-1,-1,25,-1,-1,-1,50,52,-1,15,-1,-1,-1,-1,-1,-1,-1,-1,-1,-1,-1,-1,-1,-1,-1,-1,-1,-1,-1,-1,-1,-1,-1
New York Marriott at the Brooklyn Bridge,16,-1,13,-1,-1,8,13,14,-1,-1,21,-1,-1,-1,12,-1,-1,-1,18,-1,-1,-1,-1,-1,44,52,39,-1,-1,35,35,39,-1,-1,52,-1,-1,-1,67,-1,-1,56,73,-1,-1,86,-1,-1,-1,-1,-1,-1,-1,87,85,94,-1,84,100,-1,-1,-1,-1,-1,-1,-1,94,-1,-1,82,90,92,-1,97,-1,-1,-1,-1,-1,-1,-1,65,63,-1,-1,45,-1,-1,39,-1,41,-1,-1,32,30,27,-1,40,29,-1,-1,-1,-1,-1,21,-1,46,-1,-1,28,26,16,-1,26,-1,-1,-1,-1,-1,-1,-1,-1,-1,-1,7,-1,-1,-1,-1,-1,-1,7,-1,-1,-1,-1,5,-1,-1,-1,-1,0,0,-1,-1,-1,-1,-1,-1,31,-1,-1,-1,-1,-1,-1,-1,-1,-1,-1
Newark Liberty International Airport Marriott,11,22,38,-1,-1,52,18,11,5,17,35,-1,0,10,20,-1,-1,46,10,0,-1,55,-1,-1,2,12,22,-1,-1,65,17,8,84,68,-1,-1,27,42,52,-1,-1,64,36,21,78,68,60,-1,16,28,42,-1,-1,57,26,16,85,69,-1,-1,30,38,51,-1,12,21,36,-1,-1,60,20,14,100,92,-1,-1,16,26,41,-1,-1,50,17,11,-1,25,35,51,10,20,36,-1,-1,47,15,10,84,68,-1,-1,-1,21,31,46,11,21,36,-1,-1,48,16,11,86,69,-1,-1,85,75,-1,-1,-1,28,38,53,17,27,42,-1,-1,51,22,15,84,65,-1,-1,16,33,49,-1,-1,-1,-1,-1,-1,-1,-1,-1,78,55,22,10,76,59,-1,-1,75,66,-1,-1
Omni Berkshire Place,17,12,17,22,13,15,22,26,5,6,13,17,0,3,15,13,8,5,3,0,8,6,10,47,-1,71,91,100,59,52,47,51,60,56,52,-1,-1,73,78,80,-1,-1,-1,-1,51,43,39,62,78,-1,-1,-1,-1,-1,43,39,51,47,45,-1,-1,-1,-1,-1,-1,50,52,48,-1,41,-1,-1,-1,55,-1,-1,-1,-1,-1,-1,-1,-1,-1,-1,-1,-1,-1,-1,-1,-1,-1,-1,36,33,34,-1,-1,-1,-1,-1,-1,-1,-1,-1,44,-1,32,34,55,34,42,36,59,50,44,40,70,50,49,-1,77,-1,50,60,46,41,50,58,-1,57,-1,-1,52,45,-1,39,-1,-1,-1,25,-1,11,8,19,-1,15,15,9,-1,4,4,31,54,46,55,52,84,-1,-1,66
Park Hyatt New York,0,9,9,18,18,2,1,0,28,-1,9,18,-1,-1,-1,-1,-1,-1,-1,-1,-1,-1,-1,-1,-1,64,-1,-1,-1,-1,-1,-1,-1,-1,-1,-1,73,-1,-1,-1,-1,-1,71,59,-1,-1,71,-1,100,61,63,-1,-1,-1,-1,-1,-1,-1,-1,-1,-1,62,64,-1,-1,-1,-1,-1,-1,-1,-1,-1,-1,-1,-1,-1,-1,41,43,-1,40,41,43,-1,-1,-1,-1,-1,-1,-1,-1,-1,-1,-1,-1,-1,-1,-1,-1,-1,-1,-1,-1,-1,-1,62,64,66,60,62,64,-1,-1,-1,-1,-1,-1,-1,53,-1,-1,-1,64,66,-1,62,64,66,-1,-1,-1,-1,-1,-1,-1,-1,-1,62,64,60,-1,14,16,53,16,14,47,-1,-1,-1,-1,-1,-1,-1,-1,-1,-1,-1,-1,-1
Quality Inn Convention Center,64,67,32,64,-1,-1,66,66,26,28,-1,-1,-1,-1,-1,-1,0,2,14,-1,-1,-1,-1,-1,-1,81,78,74,-1,-1,-1,-1,47,-1,-1,73,-1,100,-1,-1,-1,-1,-1,-1,-1,-1,-1,-1,-1,-1,-1,-1,-1,-1,-1,-1,-1,-1,-1,-1,-1,-1,-1,-1,-1,88,75,-1,65,76,84,70,65,76,71,-1,-1,-1,-1,-1,-1,-1,-1,-1,-1,-1,-1,-1,-1,-1,-1,-1,-1,-1,-1,-1,-1,-1,-1,-1,33,43,33,19,-1,-1,-1,-1,-1,30,30,30,21,30,30,18,48,-1,-1,-1,-1,-1,-1,-1,-1,-1,-1,-1,-1,-1,-1,-1,-1,-1,-1,-1,-1,-1,-1,-1,-1,-1,-1,-1,-1,-1,-1,-1,-1,-1,-1,-1,-1,58,64,-1,48,-1,-1,-1
Quality Inn Woodside,-1,-1,-1,-1,-1,48,40,48,-1,21,16,-1,-1,38,-1,-1,-1,-1,40,36,-1,36,36,-1,-1,-1,-1,-1,-1,-1,48,-1,-1,41,48,-1,-1,-1,-1,-1,-1,-1,-1,-1,-1,-1,-1,-1,-1,-1,-1,-1,-1,41,100,-1,-1,-1,63,79,-1,70,-1,-1,-1,100,88,79,-1,90,78,-1,-1,80,100,-1,73,79,91,-1,67,76,100,-1,-1,39,-1,-1,-1,-1,-1,-1,-1,41,42,-1,-1,35,42,-1,-1,39,32,-1,-1,29,14,-1,22,9,14,-1,5,9,14,-1,-1,14,9,5,-1,25,20,15,-1,21,21,-1,17,21,28,-1,-1,22,21,17,-1,9,8,-1,7,10,16,-1,-1,7,2,0,17,21,28,-1,-1,-1,-1,-1,-1,-1,-1,-1
Radisson Martinique on Broadway,-1,-1,-1,-1,-1,-1,-1,-1,-1,-1,-1,-1,-1,-1,-1,-1,-1,-1,-1,-1,-1,-1,-1,-1,-1,53,-1,-1,-1,53,-1,-1,-1,60,-1,-1,-1,-1,-1,-1,-1,-1,-1,-1,-1,-1,-1,-1,-1,-1,-1,-1,-1,-1,-1,-1,59,59,59,59,-1,77,-1,-1,-1,-1,-1,-1,-1,55,-1,-1,-1,-1,-1,-1,-1,71,-1,-1,-1,71,-1,-1,83,74,93,100,-1,-1,67,61,-1,-1,57,-1,-1,59,62,-1,-1,-1,-1,-1,-1,-1,-1,-1,-1,-1,-1,-1,-1,-1,-1,-1,-1,-1,-1,-1,-1,-1,-1,-1,31,31,31,31,-1,-1,25,-1,29,10,12,29,-1,-1,-1,-1,-1,-1,-1,-1,-1,-1,-1,0,-1,-1,-1,-1,-1,-1,-1,35,-1,51,48,-1
Ramada Long Island City,-1,-1,-1,-1,-1,9,13,-1,-1,-1,-1,-1,-1,-1,-1,-1,-1,28,33,-1,31,43,48,-1,-1,-1,-1,-1,-1,78,-1,-1,-1,100,-1,-1,-1,-1,-1,-1,-1,78,-1,-1,72,78,-1,-1,-1,-1,-1,-1,-1,-1,-1,-1,72,78,-1,-1,-1,-1,-1,-1,-1,-1,-1,-1,-1,78,-1,-1,72,69,78,-1,-1,-1,-1,-1,-1,64,-1,-1,-1,-1,-1,-1,-1,-1,-1,-1,-1,24,-1,-1,20,-1,-1,-1,-1,-1,-1,-1,-1,-1,-1,-1,-1,20,-1,-1,14,12,18,-1,-1,-1,-1,-1,-1,-1,-1,-1,-1,-1,-1,-1,-1,-1,-1,-1,4,2,13,-1,-1,-1,-1,-1,0,-1,3,-1,-1,-1,-1,-1,-1,13,-1,-1,10,8,13,-1,-1,-1,-1,-1
Red Carpet Inn New York City,-1,-1,-1,-1,-1,100,-1,-1,-1,-1,-1,-1,-1,-1,-1,-1,-1,22,39,-1,41,56,70,-1,-1,-1,-1,-1,-1,100,-1,-1,58,75,-1,-1,-1,-1,-1,-1,-1,15,-1,-1,0,15,-1,-1,-1,-1,-1,-1,-1,15,-1,-1,0,15,-1,-1,-1,-1,-1,-1,-1,-1,-1,-1,-1,15,-1,-1,0,15,-1,-1,-1,-1,-1,14,-1,15,-1,-1,-1,-1,-1,-1,-1,-1,-1,-1,-1,15,-1,-1,0,15,-1,-1,-1,-1,-1,-1,-1,-1,-1,-1,-1,15,-1,-1,0,15,-1,-1,-1,-1,-1,-1,-1,-1,-1,-1,-1,-1,-1,-1,-1,15,-1,-1,0,15,-1,-1,-1,-1,-1,-1,0,15,-1,-1,-1,-1,-1,-1,-1,15,-1,-1,0,15,-1,-1,-1,-1,-1,-1
Renaissance Newark Airport Hotel,-1,-1,-1,85,-1,-1,-1,-1,-1,-1,-1,85,23,37,-1,81,-1,63,-1,23,79,-1,39,-1,19,35,53,-1,-1,57,-1,21,71,-1,33,-1,-1,35,51,-1,-1,-1,-1,27,69,-1,37,-1,23,39,-1,-1,-1,61,-1,23,81,-1,43,-1,51,-1,-1,-1,35,59,-1,77,-1,55,100,33,71,81,61,-1,-1,-1,-1,-1,-1,61,-1,37,-1,51,-1,-1,25,45,-1,-1,-1,55,-1,25,75,53,43,-1,-1,-1,-1,-1,25,41,-1,-1,-1,57,-1,29,79,-1,51,-1,77,73,-1,-1,-1,49,65,91,0,13,32,-1,-1,59,12,1,81,-1,41,-1,-1,10,30,-1,-1,-1,-1,-1,-1,-1,-1,-1,75,51,10,2,71,-1,35,-1,-1,59,-1,-1
Residence Inn New York The Bronx At Metro Center Atrium,-1,-1,-1,-1,-1,-1,-1,-1,-1,-1,-1,-1,-1,-1,-1,-1,-1,-1,-1,-1,-1,-1,-1,-1,-1,-1,-1,-1,-1,-1,-1,-1,-1,-1,-1,-1,-1,-1,-1,-1,-1,-1,-1,-1,-1,-1,-1,-1,-1,-1,-1,-1,-1,-1,-1,-1,-1,-1,-1,-1,-1,-1,-1,-1,-1,-1,-1,-1,-1,-1,-1,-1,-1,-1,-1,-1,-1,-1,-1,-1,-1,-1,-1,-1,-1,-1,-1,-1,-1,-1,-1,-1,-1,-1,-1,-1,-1,-1,-1,-1,-1,-1,-1,-1,-1,-1,-1,-1,-1,-1,-1,-1,-1,-1,-1,-1,-1,-1,-1,-1,-1,-1,-1,-1,-1,-1,-1,-1,-1,-1,-1,-1,-1,-1,-1,-1,-1,-1,-1,-1,-1,-1,-1,-1,-1,-1,-1,-1,-1,-1,-1,-1,-1,-1,-1,-1,-1,-1,-1,-1
Residence Inn Newark Elizabeth Liberty International Airport,65,72,82,-1,-1,-1,55,65,55,65,77,-1,-1,-1,-1,-1,-1,-1,70,55,-1,-1,-1,-1,53,60,72,-1,-1,-1,63,58,-1,-1,-1,-1,58,79,82,-1,-1,-1,74,65,-1,-1,-1,-1,-1,-1,-1,-1,-1,-1,-1,-1,-1,-1,-1,-1,72,89,86,-1,52,-1,100,-1,-1,-1,-1,56,-1,-1,-1,-1,51,52,96,-1,-1,-1,56,51,-1,34,42,57,23,28,43,-1,-1,-1,28,20,-1,-1,-1,-1,58,19,11,24,10,8,21,-1,-1,-1,19,10,-1,-1,-1,-1,-1,-1,-1,-1,-1,15,22,35,8,15,28,-1,-1,-1,15,8,-1,-1,-1,-1,0,13,30,-1,-1,-1,-1,-1,-1,-1,-1,-1,-1,-1,13,0,-1,-1,-1,-1,-1,-1,-1,-1
Residence Inn by Marriott New York Manhattan Midtown East,15,17,19,-1,-1,27,9,8,9,-1,-1,-1,4,6,-1,-1,-1,-1,2,0,-1,-1,14,11,79,83,85,-1,-1,-1,-1,-1,-1,-1,-1,-1,-1,-1,-1,-1,-1,-1,-1,-1,-1,-1,-1,-1,-1,-1,-1,-1,-1,-1,-1,-1,-1,-1,-1,-1,-1,-1,-1,100,-1,-1,-1,-1,72,72,72,72,-1,-1,-1,-1,-1,-1,-1,-1,-1,-1,-1,-1,-1,-1,-1,-1,-1,-1,-1,-1,-1,-1,-1,-1,-1,-1,-1,-1,-1,-1,-1,-1,-1,-1,-1,-1,-1,-1,-1,-1,-1,-1,-1,-1,-1,-1,-1,-1,-1,-1,-1,-1,-1,-1,-1,-1,-1,-1,-1,-1,-1,-1,-1,-1,-1,-1,-1,-1,-1,-1,-1,-1,-1,-1,-1,-1,-1,-1,5,3,-1,-1,-1,-1,-1,-1,-1,-1
Roxy Hotel Tribeca (formerly the Tribeca Grand Hotel),-1,-1,-1,-1,-1,-1,-1,-1,-1,-1,-1,-1,-1,-1,-1,-1,-1,-1,-1,-1,-1,-1,-1,-1,-1,-1,-1,-1,-1,-1,-1,-1,-1,-1,-1,-1,-1,-1,-1,-1,100,-1,-1,-1,-1,-1,-1,-1,-1,-1,-1,-1,-1,-1,-1,-1,-1,-1,-1,25,-1,-1,-1,-1,-1,-1,-1,-1,-1,-1,-1,-1,-1,-1,-1,-1,-1,-1,-1,-1,-1,-1,-1,-1,-1,-1,-1,-1,-1,-1,-1,-1,-1,-1,63,67,-1,49,49,58,-1,-1,-1,-1,-1,-1,-1,-1,-1,-1,-1,-1,-1,57,57,-1,-1,62,-1,-1,-1,-1,-1,-1,25,-1,-1,-1,-1,-1,35,15,-1,55,55,-1,46,45,-1,32,9,3,0,-1,-1,-1,-1,-1,-1,-1,-1,-1,-1,38,-1,39,-1,35,35,-1
SIXTY Lower East Side,-1,-1,-1,-1,-1,-1,-1,-1,-1,11,-1,-1,-1,-1,-1,17,-1,-1,-1,-1,-1,-1,-1,-1,-1,-1,-1,-1,51,53,-1,-1,-1,-1,-1,-1,-1,-1,-1,-1,58,60,-1,-1,-1,-1,-1,-1,-1,74,-1,-1,34,36,-1,-1,-1,-1,-1,-1,-1,63,100,-1,-1,52,-1,-1,43,46,-1,-1,-1,-1,-1,-1,-1,78,-1,-1,56,59,-1,-1,-1,-1,-1,-1,-1,42,-1,-1,39,41,-1,-1,-1,-1,-1,-1,-1,-1,-1,-1,-1,39,-1,-1,26,28,-1,-1,-1,-1,-1,-1,-1,-1,-1,-1,-1,-1,-1,-1,-1,26,-1,-1,18,20,-1,-1,-1,-1,-1,-1,22,16,22,22,-1,-1,-1,-1,0,1,-1,0,8,10,-1,-1,-1,-1,-1,-1,-1,-1,-1,-1
San Carlos Hotel,-1,-1,-1,-1,-1,-1,-1,-1,-1,-1,-1,-1,-1,-1,-1,-1,-1,-1,-1,-1,-1,-1,-1,-1,-1,-1,-1,-1,-1,-1,-1,-1,-1,-1,-1,-1,-1,-1,-1,-1,-1,-1,-1,-1,-1,-1,5,-1,-1,-1,-1,-1,-1,-1,-1,-1,-1,-1,-1,-1,-1,-1,-1,-1,5,4,4,5,1,-1,1,1,-1,2,1,100,6,5,-1,-1,-1,-1,-1,-1,-1,-1,-1,-1,-1,-1,-1,-1,-1,-1,-1,-1,-1,-1,-1,-1,-1,-1,-1,-1,-1,-1,-1,-1,-1,-1,-1,-1,-1,-1,-1,-1,-1,-1,-1,-1,-1,-1,-1,-1,-1,-1,-1,-1,-1,-1,-1,-1,-1,-1,-1,-1,-1,-1,-1,-1,-1,-1,-1,-1,-1,-1,-1,-1,-1,-1,0,-1,-1,2,1,-1,-1,3,3,-1
Shelburne NYC-an Affinia hotel,29,-1,-1,-1,20,26,-1,-1,28,-1,-1,-1,-1,-1,-1,-1,-1,-1,-1,-1,-1,-1,-1,-1,-1,-1,-1,-1,-1,-1,-1,-1,-1,-1,-1,-1,-1,-1,-1,-1,-1,-1,-1,-1,-1,51,-1,-1,-1,-1,-1,-1,-1,-1,90,-1,-1,97,91,-1,-1,-1,-1,-1,-1,68,-1,-1,-1,-1,-1,-1,-1,-1,-1,-1,-1,-1,-1,-1,-1,-1,-1,-1,-1,-1,-1,-1,-1,-1,-1,76,-1,90,78,89,-1,34,34,100,-1,57,45,55,52,39,50,-1,51,-1,-1,50,-1,51,40,54,62,51,64,-1,-1,56,45,55,60,33,43,-1,32,-1,-1,-1,-1,30,21,32,-1,21,31,-1,-1,7,0,8,14,7,15,-1,36,-1,-1,50,-1,-1,-1,-1,-1,-1,-1,-1
Sheraton LaGuardia East Hotel,-1,-1,-1,-1,-1,-1,-1,-1,-1,-1,-1,-1,-1,-1,-1,-1,-1,-1,-1,-1,-1,-1,-1,-1,-1,-1,-1,-1,-1,-1,-1,-1,-1,-1,-1,-1,-1,-1,-1,-1,-1,-1,-1,-1,-1,44,-1,-1,40,-1,-1,41,-1,-1,-1,10,34,35,14,-1,-1,36,26,-1,-1,-1,-1,-1,-1,-1,-1,-1,-1,84,95,49,96,84,73,100,77,65,72,-1,36,27,19,11,34,26,18,34,48,25,24,33,61,-1,-1,-1,-1,-1,23,71,-1,-1,42,-1,-1,14,22,-1,-1,0,-1,-1,41,32,26,-1,-1,-1,-1,-1,-1,-1,-1,-1,-1,-1,-1,-1,-1,-1,-1,-1,-1,1,0,23,3,-1,-1,-1,-1,-1,-1,-1,-1,-1,-1,-1,-1,-1,-1,-1,-1,-1,-1,-1
Sheraton New York Times Square Hotel,-1,-1,-1,-1,-1,-1,35,-1,14,18,-1,-1,7,9,16,-1,-1,17,7,7,26,8,11,-1,87,80,87,-1,-1,50,-1,-1,-1,56,-1,-1,-1,84,91,99,-1,-1,65,-1,43,26,24,-1,-1,-1,-1,-1,-1,24,-1,-1,29,33,32,-1,-1,-1,100,-1,-1,68,59,-1,-1,62,-1,-1,-1,-1,-1,-1,61,69,59,-1,-1,42,-1,-1,-1,-1,70,-1,-1,36,-1,-1,-1,-1,59,-1,-1,49,-1,-1,-1,-1,41,-1,-1,22,49,-1,-1,32,-1,-1,11,-1,19,-1,-1,-1,-1,-1,-1,35,31,-1,20,23,-1,-1,-1,-1,-1,-1,48,31,30,23,-1,-1,-1,-1,-1,-1,-1,-1,0,20,-1,-1,-1,-1,-1,-1,-1,-1,63,-1,-1,85,64,-1
Smyth A Thompson Hotel,15,26,29,26,-1,-1,-1,-1,12,15,17,26,9,8,6,12,0,0,8,-1,14,5,-1,-1,65,61,66,66,59,58,57,62,75,56,68,-1,67,64,66,55,42,55,-1,-1,43,-1,-1,42,51,63,63,51,48,-1,-1,-1,43,54,-1,-1,43,38,37,41,-1,-1,45,48,-1,-1,-1,-1,-1,-1,-1,-1,-1,-1,-1,-1,50,-1,-1,-1,-1,-1,-1,-1,60,-1,-1,-1,-1,-1,-1,-1,21,-1,-1,68,-1,-1,-1,67,64,82,83,-1,45,-1,-1,80,-1,-1,73,-1,-1,100,-1,-1,-1,-1,-1,-1,-1,22,-1,-1,22,-1,-1,-1,-1,-1,-1,-1,-1,-1,-1,-1,-1,-1,-1,-1,-1,-1,-1,-1,-1,-1,-1,6,-1,-1,32,-1,-1,-1,50,41
SpringHill Suites by Marriott Newark Liberty International,-1,-1,-1,-1,-1,-1,-1,-1,-1,-1,-1,-1,-1,-1,-1,-1,-1,-1,-1,-1,-1,-1,-1,-1,-1,-1,-1,-1,-1,-1,-1,-1,-1,-1,-1,35,-1,-1,-1,-1,-1,-1,-1,-1,-1,-1,-1,-1,-1,-1,-1,-1,-1,-1,-1,-1,-1,-1,57,54,100,-1,-1,-1,-1,-1,-1,-1,-1,40,-1,-1,-1,-1,-1,-1,65,19,-1,-1,-1,19,60,65,32,23,23,28,-1,-1,55,-1,-1,-1,-1,-1,-1,24,19,16,26,25,-1,-1,42,47,-1,-1,52,57,-1,-1,-1,-1,35,-1,-1,-1,-1,-1,45,47,56,-1,-1,-1,-1,-1,11,17,-1,-1,46,46,37,34,-1,13,-1,-1,-1,5,-1,-1,-1,-1,-1,0,-1,31,-1,-1,37,39,-1,-1,-1,-1,-1,-1
Super 8 Brooklyn   Park Slope Hotel,-1,-1,-1,-1,-1,-1,12,-1,-1,-1,-1,-1,-1,-1,-1,-1,-1,-1,-1,-1,-1,100,-1,-1,-1,-1,100,-1,-1,-1,-1,-1,-1,100,-1,-1,-1,-1,-1,-1,-1,-1,-1,-1,-1,-1,-1,-1,-1,-1,-1,-1,-1,-1,-1,-1,-1,0,-1,-1,-1,-1,-1,-1,-1,-1,-1,-1,-1,-1,-1,-1,-1,-1,-1,-1,-1,-1,-1,-1,-1,-1,-1,-1,-1,-1,-1,-1,-1,-1,-1,-1,-1,-1,-1,-1,-1,-1,-1,-1,-1,-1,-1,-1,-1,-1,-1,-1,-1,-1,-1,-1,-1,-1,-1,-1,-1,-1,-1,-1,-1,-1,-1,-1,-1,-1,-1,-1,-1,-1,-1,-1,-1,-1,-1,-1,-1,-1,60,-1,-1,-1,-1,-1,-1,-1,-1,-1,-1,-1,-1,-1,-1,-1,-1,-1,-1,24,-1,-1
TRYP By Wyndham Times Square South,-1,-1,-1,-1,-1,-1,-1,-1,-1,-1,-1,-1,-1,-1,-1,-1,24,-1,-1,-1,25,-1,-1,-1,-1,-1,-1,-1,-1,-1,-1,-1,-1,-1,-1,-1,-1,-1,-1,-1,-1,-1,-1,-1,-1,-1,-1,-1,-1,-1,-1,-1,68,-1,-1,-1,87,-1,-1,67,-1,-1,-1,-1,-1,-1,-1,-1,51,-1,-1,-1,-1,-1,-1,-1,-1,-1,-1,-1,-1,-1,-1,-1,-1,-1,-1,-1,-1,-1,-1,-1,66,-1,-1,61,-1,-1,-1,71,69,-1,-1,-1,-1,-1,-1,-1,-1,-1,-1,-1,-1,-1,-1,-1,100,-1,-1,-1,23,-1,-1,-1,-1,-1,-1,-1,-1,-1,8,-1,0,-1,-1,-1,-1,-1,-1,-1,32,-1,-1,-1,-1,-1,-1,-1,15,-1,-1,-1,-1,-1,-1,-1,-1,-1,-1,-1
The Benjamin,18,21,-1,-1,8,12,-1,-1,-1,-1,-1,-1,9,13,13,-1,5,8,10,-1,7,-1,-1,-1,-1,-1,-1,-1,-1,-1,-1,-1,49,55,58,-1,-1,-1,-1,-1,-1,-1,-1,-1,-1,-1,-1,-1,-1,-1,-1,-1,-1,-1,-1,-1,35,39,36,-1,61,62,-1,-1,-1,-1,-1,-1,-1,56,59,-1,-1,-1,-1,-1,-1,85,88,-1,-1,-1,-1,-1,-1,-1,-1,-1,58,66,68,-1,-1,-1,-1,-1,43,50,51,-1,-1,-1,100,-1,53,-1,62,-1,44,51,53,-1,43,50,51,-1,56,63,66,-1,41,44,44,41,-1,37,39,-1,-1,-1,-1,-1,32,38,-1,-1,-1,-1,38,-1,1,5,-1,-1,0,4,-1,-1,-1,-1,-1,-1,-1,-1,-1,-1,-1,-1,-1,-1
The Carlyle A Rosewood Hotel,-1,-1,-1,-1,-1,-1,-1,-1,-1,-1,-1,-1,-1,-1,-1,-1,36,39,-1,0,39,54,-1,8,-1,73,73,-1,29,32,32,29,-1,27,27,29,39,37,42,47,29,30,32,-1,-1,-1,-1,-1,-1,-1,-1,-1,-1,-1,-1,-1,-1,-1,-1,-1,-1,-1,-1,-1,-1,26,29,32,-1,-1,-1,-1,-1,-1,-1,-1,-1,-1,-1,100,-1,-1,-1,-1,32,32,39,39,54,60,65,-1,-1,-1,-1,-1,-1,-1,-1,-1,-1,-1,-1,-1,-1,-1,-1,-1,-1,-1,-1,-1,-1,-1,-1,-1,-1,82,-1,-1,-1,13,17,22,8,13,17,22,21,22,24,-1,-1,-1,-1,-1,-1,-1,-1,-1,-1,-1,-1,-1,-1,-1,-1,-1,-1,-1,-1,-1,-1,-1,-1,-1,-1,-1,-1,-1
The Chatwal a Luxury Collection Hotel New York City,-1,-1,-1,-1,-1,-1,-1,-1,-1,-1,-1,-1,-1,-1,-1,-1,-1,-1,-1,-1,-1,-1,-1,-1,-1,-1,-1,-1,-1,-1,-1,-1,-1,-1,-1,-1,-1,-1,-1,-1,-1,-1,-1,-1,-1,-1,-1,-1,-1,-1,-1,-1,-1,-1,-1,-1,-1,-1,-1,-1,43,62,81,100,33,53,71,89,-1,-1,-1,-1,-1,-1,-1,-1,-1,-1,-1,-1,-1,-1,-1,-1,-1,-1,-1,-1,-1,-1,-1,-1,-1,-1,-1,-1,-1,-1,-1,-1,-1,-1,-1,-1,-1,-1,-1,-1,-1,-1,-1,-1,-1,-1,-1,-1,-1,-1,-1,-1,0,-1,-1,-1,-1,-1,-1,-1,-1,-1,-1,-1,-1,-1,-1,-1,-1,-1,-1,-1,-1,-1,-1,-1,-1,-1,-1,-1,-1,-1,-1,-1,-1,-1,-1,-1,-1,-1,-1,-1
The High Line Hotel,-1,-1,-1,-1,55,-1,-1,-1,-1,-1,-1,-1,-1,-1,-1,-1,-1,-1,-1,-1,-1,-1,-1,-1,-1,-1,-1,-1,79,86,91,95,-1,-1,-1,-1,-1,-1,-1,-1,-1,-1,-1,-1,-1,-1,-1,-1,-1,-1,-1,-1,-1,-1,-1,-1,-1,-1,-1,-1,-1,-1,-1,-1,-1,-1,-1,-1,-1,-1,-1,-1,44,47,49,52,-1,-1,-1,-1,89,94,-1,-1,-1,-1,-1,-1,-1,-1,-1,-1,-1,-1,-1,-1,-1,-1,-1,-1,-1,-1,-1,-1,-1,-1,-1,-1,-1,80,-1,-1,90,96,100,-1,-1,-1,-1,-1,-1,-1,-1,-1,-1,-1,-1,-1,-1,-1,-1,-1,-1,-1,-1,-1,-1,-1,-1,-1,-1,11,12,-1,0,1,2,-1,-1,25,-1,-1,-1,-1,-1,-1,-1,-1,-1,-1
The Kitano New York,96,-1,-1,-1,-1,-1,-1,-1,-1,-1,-1,-1,0,11,-1,-1,-1,-1,-1,-1,-1,-1,-1,-1,-1,-1,-1,-1,-1,-1,-1,-1,82,100,-1,-1,-1,70,-1,-1,53,70,83,88,-1,-1,-1,-1,65,30,-1,-1,49,-1,-1,-1,-1,-1,-1,96,-1,-1,-1,-1,-1,-1,-1,-1,-1,-1,-1,-1,-1,-1,-1,-1,-1,-1,-1,-1,-1,-1,-1,-1,-1,-1,-1,-1,-1,-1,-1,-1,-1,-1,-1,-1,-1,-1,-1,-1,-1,-1,-1,-1,-1,-1,-1,-1,-1,-1,-1,-1,-1,-1,-1,-1,-1,-1,-1,-1,-1,-1,-1,-1,-1,-1,-1,-1,-1,-1,-1,-1,-1,-1,-1,-1,-1,-1,-1,-1,-1,-1,-1,-1,-1,-1,-1,-1,-1,-1,-1,-1,-1,-1,-1,-1,-1,-1,-1,-1
The Lexington New York City Autograph Collection,-1,-1,-1,-1,-1,-1,-1,-1,-1,-1,-1,-1,28,31,20,22,-1,-1,25,24,-1,37,35,-1,68,71,78,77,73,66,53,56,-1,73,68,-1,87,90,97,95,-1,-1,81,83,-1,86,61,-1,100,-1,-1,96,-1,-1,67,67,-1,-1,-1,-1,84,-1,-1,99,55,60,76,86,-1,53,47,47,-1,60,58,-1,70,81,-1,-1,78,73,56,59,-1,72,79,-1,52,55,63,-1,78,57,65,67,70,63,74,-1,-1,74,85,-1,56,66,-1,-1,46,46,43,44,-1,67,65,-1,-1,-1,-1,-1,-1,65,-1,-1,43,53,-1,-1,-1,-1,-1,43,-1,-1,53,-1,-1,-1,-1,-1,-1,8,0,-1,-1,-1,-1,-1,-1,13,30,33,-1,44,33,43,81,65,62,-1
The Lombardy,-1,-1,-1,-1,-1,-1,-1,-1,-1,-1,-1,-1,-1,-1,-1,-1,-1,-1,-1,-1,-1,-1,-1,-1,-1,-1,-1,-1,-1,-1,-1,-1,-1,-1,-1,-1,-1,-1,-1,-1,-1,-1,-1,-1,-1,-1,-1,-1,-1,-1,-1,-1,-1,-1,-1,-1,-1,-1,-1,-1,-1,-1,-1,-1,-1,-1,-1,-1,-1,-1,-1,-1,-1,-1,-1,-1,-1,-1,-1,-1,-1,-1,100,-1,-1,-1,100,-1,100,-1,-1,-1,-1,-1,-1,100,-1,-1,-1,-1,-1,-1,-1,-1,-1,-1,-1,-1,-1,100,-1,-1,-1,-1,-1,-1,-1,-1,-1,-1,-1,-1,47,-1,-1,18,-1,-1,-1,-1,-1,-1,-1,-1,-1,-1,-1,0,-1,-1,-1,-1,-1,-1,-1,-1,-1,-1,-1,-1,-1,-1,-1,-1,-1,-1,-1,-1,-1,-1
The Mark,-1,-1,-1,-1,-1,-1,-1,-1,-1,-1,-1,-1,-1,-1,-1,-1,-1,-1,-1,-1,-1,100,50,0,-1,-1,-1,-1,-1,-1,-1,-1,-1,-1,-1,-1,-1,-1,-1,-1,-1,-1,-1,-1,-1,-1,-1,-1,-1,-1,-1,-1,-1,-1,-1,-1,-1,-1,-1,-1,-1,-1,-1,-1,-1,-1,-1,-1,-1,-1,-1,-1,-1,-1,-1,-1,-1,-1,-1,-1,-1,-1,-1,-1,-1,-1,-1,-1,-1,-1,-1,-1,-1,-1,-1,-1,-1,-1,-1,-1,-1,-1,-1,-1,-1,-1,-1,-1,-1,-1,-1,-1,-1,-1,-1,-1,-1,-1,-1,-1,-1,-1,-1,-1,-1,-1,-1,-1,-1,-1,-1,-1,-1,-1,-1,-1,-1,-1,-1,-1,-1,-1,-1,-1,-1,-1,-1,-1,-1,-1,-1,-1,-1,-1,-1,-1,-1,-1,-1,-1
The Muse Hotel a Kimpton Hotel,-1,-1,-1,-1,-1,0,-1,-1,-1,-1,-1,-1,-1,-1,-1,-1,-1,-1,-1,-1,-1,-1,-1,-1,-1,-1,-1,-1,-1,-1,-1,-1,-1,-1,-1,-1,-1,-1,-1,-1,-1,-1,-1,-1,-1,-1,-1,-1,-1,-1,-1,-1,58,76,64,-1,-1,-1,-1,-1,-1,-1,-1,-1,-1,-1,-1,-1,-1,-1,-1,-1,-1,-1,-1,-1,-1,-1,-1,-1,-1,-1,100,-1,-1,-1,-1,-1,-1,-1,-1,-1,70,-1,-1,-1,-1,-1,-1,-1,-1,62,-1,-1,47,48,-1,-1,-1,-1,-1,-1,-1,-1,-1,-1,-1,-1,-1,-1,-1,-1,-1,-1,-1,-1,-1,-1,-1,-1,24,30,-1,-1,-1,-1,-1,-1,-1,-1,-1,-1,-1,-1,12,4,-1,-1,-1,-1,-1,-1,-1,-1,-1,-1,-1,-1,-1,-1
The New York EDITION,-1,14,11,-1,-1,13,13,-1,-1,14,11,-1,-1,14,11,-1,-1,13,13,-1,-1,11,14,-1,-1,50,67,100,-1,59,58,-1,-1,38,28,-1,-1,28,38,-1,-1,-1,-1,-1,-1,49,39,-1,-1,36,47,-1,-1,-1,-1,-1,-1,44,34,-1,-1,50,67,-1,-1,38,43,-1,-1,-1,-1,-1,-1,50,38,-1,-1,38,31,-1,-1,-1,-1,-1,-1,-1,34,-1,-1,38,31,-1,-1,-1,-1,-1,-1,31,-1,-1,-1,-1,34,-1,-1,-1,31,-1,-1,-1,-1,-1,-1,31,-1,-1,-1,34,-1,-1,-1,-1,34,-1,-1,-1,31,-1,-1,-1,-1,-1,-1,24,-1,-1,-1,-1,10,-1,-1,0,-1,-1,-1,0,-1,-1,-1,-1,-1,-1,-1,21,-1,-1,-1,30,-1,-1
The Out NYC,-1,-1,-1,-1,-1,-1,-1,-1,-1,-1,-1,-1,-1,-1,-1,-1,-1,-1,-1,-1,-1,-1,-1,-1,-1,-1,-1,-1,-1,-1,-1,-1,-1,-1,-1,-1,-1,-1,-1,-1,-1,-1,-1,-1,-1,-1,-1,-1,-1,-1,69,-1,36,-1,-1,-1,-1,-1,-1,33,-1,96,100,-1,-1,66,46,24,44,54,62,43,-1,56,35,-1,48,42,42,46,40,34,34,39,7,9,62,69,60,40,55,59,-1,-1,-1,-1,49,43,27,-1,22,17,17,22,11,19,6,10,-1,0,-1,-1,-1,-1,-1,-1,-1,-1,-1,-1,-1,-1,-1,-1,-1,-1,-1,-1,-1,-1,-1,-1,-1,-1,-1,-1,-1,-1,-1,-1,-1,-1,-1,-1,-1,-1,-1,-1,-1,-1,-1,-1,-1,-1,-1,-1,-1,-1,-1,-1
The Pearl New York,-1,-1,-1,-1,-1,-1,-1,-1,-1,-1,-1,-1,-1,-1,-1,-1,-1,-1,-1,-1,-1,-1,-1,-1,-1,-1,-1,-1,-1,-1,-1,-1,-1,-1,-1,-1,-1,-1,100,-1,-1,-1,-1,-1,-1,-1,-1,-1,-1,-1,-1,-1,-1,-1,-1,-1,-1,-1,-1,-1,-1,-1,-1,-1,-1,-1,-1,-1,-1,-1,-1,-1,-1,-1,-1,-1,-1,-1,-1,-1,-1,-1,-1,-1,-1,-1,-1,-1,-1,-1,-1,-1,-1,-1,-1,-1,-1,-1,-1,-1,6,0,0,6,-1,-1,-1,-1,-1,-1,-1,-1,-1,-1,-1,-1,-1,-1,-1,-1,-1,-1,-1,-1,-1,-1,-1,-1,-1,-1,-1,-1,-1,-1,-1,-1,-1,-1,-1,-1,-1,-1,-1,-1,-1,-1,-1,-1,-1,-1,-1,-1,-1,-1,-1,-1,-1,-1,-1,-1
The Peninsula New York,0,35,36,-1,35,31,-1,-1,0,35,36,-1,0,-1,-1,-1,-1,-1,-1,-1,-1,-1,-1,-1,-1,-1,-1,-1,-1,-1,-1,-1,-1,-1,-1,-1,100,-1,-1,-1,-1,-1,-1,-1,-1,-1,-1,-1,59,60,62,-1,22,22,22,22,-1,-1,-1,-1,36,37,39,-1,36,37,39,-1,-1,-1,-1,-1,-1,-1,-1,-1,36,37,39,-1,-1,-1,-1,-1,-1,37,39,-1,36,37,39,-1,-1,-1,-1,-1,-1,-1,-1,-1,-1,-1,-1,-1,-1,-1,-1,-1,-1,-1,-1,-1,-1,-1,-1,-1,-1,-1,-1,-1,-1,37,39,-1,36,37,39,-1,-1,39,37,36,-1,39,37,-1,-1,-1,-1,-1,-1,-1,-1,-1,-1,-1,-1,-1,-1,-1,-1,-1,-1,-1,-1,-1,-1,-1,-1,-1
The Plaza Hotel,8,10,0,8,-1,8,2,8,17,14,7,-1,11,12,3,11,-1,11,8,-1,-1,-1,-1,-1,-1,66,-1,-1,-1,-1,-1,-1,-1,-1,-1,-1,-1,-1,97,-1,-1,-1,-1,-1,-1,-1,-1,-1,-1,100,92,89,-1,-1,-1,-1,-1,-1,-1,-1,-1,94,96,96,87,42,96,-1,79,83,39,83,-1,52,39,42,87,47,50,97,49,94,76,83,42,40,-1,-1,39,35,38,39,36,33,35,38,36,32,31,35,-1,35,35,47,36,34,35,33,47,30,34,34,38,30,30,36,29,30,30,36,38,34,34,31,36,39,42,39,-1,-1,-1,-1,38,38,38,38,36,35,34,31,36,34,35,-1,34,36,-1,-1,36,21,21,-1,29,21,30,-1,48,-1,49,46
The Premier Hotel New York,-1,-1,-1,-1,-1,-1,-1,-1,-1,-1,-1,-1,-1,-1,-1,-1,-1,-1,-1,-1,-1,-1,-1,-1,-1,-1,-1,-1,-1,-1,-1,-1,-1,-1,-1,-1,-1,-1,-1,-1,-1,-1,-1,-1,-1,-1,-1,-1,-1,-1,-1,-1,-1,-1,-1,-1,-1,-1,-1,-1,-1,-1,-1,-1,-1,-1,-1,-1,-1,-1,-1,-1,-1,-1,-1,-1,-1,100,-1,-1,-1,-1,-1,-1,-1,-1,-1,-1,-1,-1,-1,41,-1,-1,16,26,-1,-1,-1,-1,-1,-1,-1,-1,-1,-1,-1,-1,-1,-1,-1,-1,-1,20,24,36,9,38,28,41,48,35,24,11,36,19,31,39,23,13,20,30,14,0,4,14,46,-1,-1,-1,-1,-1,-1,69,-1,-1,56,69,-1,42,-1,-1,40,45,-1,-1,-1,-1,-1,-1
The Roger,-1,-1,-1,-1,-1,-1,-1,-1,-1,-1,-1,-1,-1,-1,-1,-1,-1,-1,-1,-1,-1,-1,-1,-1,-1,-1,-1,-1,-1,-1,-1,-1,-1,-1,-1,-1,-1,-1,-1,-1,-1,-1,-1,-1,-1,-1,-1,-1,-1,-1,-1,-1,100,100,100,100,-1,-1,-1,-1,-1,-1,-1,-1,-1,-1,-1,-1,-1,-1,-1,-1,-1,-1,-1,-1,-1,-1,-1,-1,-1,-1,-1,-1,-1,-1,-1,-1,-1,-1,-1,-1,-1,-1,-1,-1,-1,-1,-1,-1,-1,90,92,90,68,69,67,70,68,66,69,66,75,78,74,74,90,86,86,86,76,76,80,79,57,60,59,60,54,53,54,52,56,58,56,-1,32,-1,-1,-1,-1,-1,-1,-1,-1,-1,-1,0,45,45,-1,45,-1,-1,65,16,-1,-1,-1,-1
The Roosevelt Hotel New York City,15,-1,-1,15,-1,-1,-1,-1,25,11,14,15,18,12,14,15,12,11,11,-1,-1,-1,-1,-1,59,-1,-1,-1,69,63,28,74,-1,52,66,-1,-1,78,84,94,42,43,39,70,35,16,70,-1,71,-1,-1,53,42,43,52,52,94,46,74,-1,-1,73,78,78,57,49,49,47,43,43,36,100,57,43,65,57,59,62,61,61,40,47,46,50,60,50,56,78,54,46,52,59,39,44,43,45,-1,46,50,-1,35,50,36,50,57,46,74,26,29,30,25,32,-1,-1,-1,-1,47,49,-1,-1,-1,29,31,32,22,21,25,26,15,15,11,-1,13,18,14,22,23,23,22,26,7,1,7,-1,0,19,1,19,22,-1,15,-1,36,33,33,-1,43,-1,-1,42
The Shoreham Hotel,-1,-1,-1,-1,-1,-1,-1,-1,-1,-1,-1,-1,-1,-1,-1,-1,-1,-1,-1,-1,-1,-1,-1,-1,-1,-1,27,24,-1,-1,25,-1,-1,-1,-1,-1,-1,-1,-1,61,-1,-1,74,-1,100,87,-1,-1,-1,-1,-1,-1,53,-1,-1,-1,-1,-1,-1,-1,-1,-1,-1,-1,-1,-1,-1,-1,-1,-1,-1,-1,-1,59,-1,-1,3,3,3,3,-1,-1,-1,-1,-1,-1,-1,-1,-1,-1,-1,-1,-1,-1,-1,-1,-1,-1,-1,-1,-1,-1,-1,-1,-1,-1,-1,-1,0,0,0,0,-1,-1,-1,-1,-1,-1,-1,-1,11,11,11,11,-1,-1,-1,-1,-1,-1,-1,-1,-1,-1,-1,-1,-1,-1,-1,-1,-1,-1,-1,-1,-1,-1,-1,-1,-1,-1,-1,-1,-1,-1,-1,-1,-1,-1,-1,-1
The St. Regis New York,-1,-1,-1,-1,-1,-1,-1,-1,-1,-1,-1,-1,-1,-1,-1,-1,-1,-1,-1,-1,-1,-1,-1,-1,-1,-1,-1,-1,-1,-1,-1,-1,-1,-1,-1,-1,-1,-1,-1,-1,-1,-1,-1,96,-1,-1,98,-1,-1,-1,-1,-1,-1,-1,77,84,-1,-1,-1,-1,67,75,82,88,-1,85,100,-1,-1,-1,-1,-1,91,83,85,70,-1,-1,-1,-1,-1,-1,-1,-1,78,18,24,29,6,12,18,23,16,11,-1,17,10,-1,5,10,59,-1,47,-1,-1,50,56,-1,72,65,65,72,-1,65,59,52,-1,69,62,-1,-1,-1,-1,-1,-1,-1,-1,-1,-1,-1,50,56,-1,65,-1,-1,-1,-1,-1,-1,15,-1,0,-1,-1,-1,-1,24,-1,-1,-1,-1,-1,-1,-1,-1,-1,-1,-1,-1
The Standard East Village,100,-1,-1,-1,21,-1,22,19,16,6,11,15,-1,-1,-1,-1,34,31,27,25,-1,47,-1,33,-1,-1,-1,-1,67,68,63,-1,-1,-1,-1,-1,-1,-1,-1,-1,-1,79,84,-1,-1,-1,-1,-1,67,-1,-1,-1,-1,-1,-1,-1,-1,-1,-1,-1,-1,64,-1,-1,-1,64,67,-1,-1,-1,-1,-1,-1,-1,-1,72,-1,64,67,65,55,59,89,83,67,57,61,49,44,-1,56,43,37,-1,-1,-1,46,-1,-1,-1,64,64,62,59,55,55,60,52,43,51,-1,-1,51,48,-1,-1,31,-1,-1,-1,-1,-1,-1,-1,55,52,-1,59,28,-1,53,-1,-1,26,45,-1,-1,38,-1,-1,0,-1,-1,-1,-1,-1,-1,-1,-1,-1,-1,-1,-1,-1,-1,-1,-1,-1,-1,-1
The SunBright,-1,-1,-1,-1,-1,-1,-1,-1,-1,-1,-1,-1,-1,-1,-1,-1,-1,-1,-1,-1,-1,-1,-1,-1,-1,-1,-1,-1,-1,-1,-1,-1,-1,-1,-1,-1,-1,-1,-1,-1,-1,-1,-1,-1,-1,-1,-1,-1,-1,-1,-1,-1,-1,-1,-1,-1,-1,-1,-1,-1,-1,-1,-1,-1,-1,-1,-1,-1,-1,-1,-1,-1,-1,-1,-1,-1,-1,-1,100,-1,-1,-1,-1,-1,-1,88,70,-1,-1,88,-1,-1,-1,-1,88,-1,-1,68,86,-1,-1,-1,-1,-1,-1,-1,-1,-1,-1,-1,-1,-1,-1,-1,-1,-1,-1,80,-1,-1,-1,-1,-1,-1,-1,-1,-1,-1,-1,-1,-1,-1,-1,-1,-1,-1,-1,-1,-1,-1,-1,-1,-1,-1,-1,-1,-1,-1,0,-1,88,-1,-1,57,75,-1,25,44,-1,-1
The Towers of the Waldorf Astoria New York,-1,-1,-1,-1,-1,-1,-1,-1,-1,-1,1,12,3,6,0,9,31,35,11,17,2,3,9,54,50,55,-1,-1,27,31,-1,33,29,-1,-1,27,-1,-1,48,51,-1,-1,-1,-1,-1,-1,-1,-1,24,27,-1,28,30,40,-1,19,-1,-1,-1,40,-1,-1,-1,-1,34,35,31,33,-1,-1,24,-1,31,31,32,27,-1,-1,-1,-1,-1,-1,-1,45,45,38,42,-1,34,-1,-1,-1,-1,22,21,-1,-1,-1,-1,21,68,-1,-1,-1,27,-1,-1,51,-1,35,-1,-1,-1,-1,-1,40,10,35,26,32,40,-1,-1,27,22,-1,21,-1,-1,-1,-1,-1,19,-1,-1,-1,3,5,11,11,-1,-1,-1,-1,-1,-1,16,-1,-1,-1,-1,26,-1,-1,-1,42,21,17,37,100
The Westin New York Grand Central,19,24,28,28,17,-1,-1,-1,14,14,16,-1,15,16,19,25,-1,-1,-1,-1,-1,-1,-1,-1,-1,55,59,-1,-1,61,58,56,-1,-1,-1,-1,-1,67,73,85,-1,73,70,68,-1,-1,-1,-1,57,66,67,-1,78,-1,-1,52,-1,-1,-1,-1,-1,70,76,100,42,56,62,55,-1,-1,-1,40,-1,-1,46,-1,-1,54,57,-1,57,-1,-1,46,-1,55,-1,-1,47,48,52,-1,-1,-1,47,-1,55,50,-1,-1,-1,50,55,-1,32,37,40,47,-1,28,-1,21,-1,-1,31,31,-1,44,41,-1,-1,-1,-1,-1,21,23,26,38,-1,-1,-1,17,-1,-1,27,-1,-1,27,29,-1,-1,-1,0,-1,16,16,-1,-1,-1,-1,-1,-1,-1,-1,-1,-1,-1,-1,-1,-1
United Nations Apartment Hotel,-1,-1,-1,-1,-1,-1,-1,-1,-1,-1,-1,-1,-1,-1,-1,0,-1,-1,-1,-1,-1,-1,-1,28,-1,-1,-1,-1,-1,-1,-1,-1,-1,-1,-1,-1,-1,-1,-1,-1,-1,-1,-1,-1,-1,-1,-1,-1,41,-1,-1,-1,-1,-1,-1,-1,-1,-1,-1,-1,-1,-1,-1,-1,-1,-1,-1,-1,-1,-1,-1,-1,-1,-1,-1,-1,-1,-1,-1,-1,-1,-1,-1,-1,-1,-1,-1,-1,-1,-1,-1,38,66,82,82,100,56,41,71,-1,-1,-1,64,71,-1,-1,-1,-1,-1,-1,-1,-1,71,64,-1,-1,48,-1,-1,-1,-1,66,56,79,69,66,82,-1,69,-1,-1,-1,71,64,-1,-1,69,35,82,-1,30,5,35,-1,38,64,-1,-1,-1,-1,-1,-1,-1,69,-1,74,89,-1,23,21
Viceroy New York,18,21,38,26,16,-1,-1,-1,8,11,14,15,0,5,10,13,6,7,-1,-1,-1,-1,-1,12,-1,-1,-1,-1,59,78,74,89,-1,32,58,-1,84,65,92,86,47,70,59,85,73,60,68,68,76,61,70,70,50,57,27,-1,100,41,63,94,-1,82,90,86,65,60,68,50,57,78,64,72,86,55,75,74,57,54,59,66,47,60,54,78,76,75,72,78,54,60,66,64,55,47,32,33,66,42,45,61,71,68,52,72,40,44,47,44,34,32,30,34,62,47,42,-1,60,57,-1,-1,-1,-1,48,45,-1,26,32,51,-1,-1,37,42,46,39,35,46,28,35,40,33,10,2,2,-1,4,4,17,1,21,18,15,25,-1,28,44,-1,76,52,-1,-1
W New York,18,17,21,33,-1,17,17,-1,-1,21,25,-1,3,7,11,-1,-1,-1,-1,-1,-1,29,29,-1,-1,-1,-1,-1,-1,-1,-1,-1,-1,82,-1,-1,80,-1,-1,-1,77,79,82,82,80,75,68,79,84,69,76,82,-1,50,44,38,61,56,56,74,61,69,77,83,59,67,70,-1,-1,76,54,-1,-1,-1,-1,-1,-1,97,100,-1,81,84,88,-1,-1,-1,-1,-1,-1,83,90,69,-1,78,-1,-1,-1,-1,76,-1,-1,79,69,82,37,63,40,54,-1,-1,-1,63,-1,55,52,-1,88,65,78,-1,-1,58,-1,-1,57,57,57,-1,-1,-1,38,51,-1,41,57,-1,-1,-1,-1,-1,-1,7,0,-1,-1,7,17,-1,-1,-1,-1,-1,-1,60,56,-1,-1,86,-1,-1
W New York - Downtown,-1,-1,-1,-1,-1,-1,-1,-1,-1,-1,-1,-1,21,-1,-1,-1,-1,-1,-1,-1,-1,-1,39,27,-1,-1,-1,-1,-1,-1,-1,-1,-1,-1,-1,-1,-1,-1,-1,-1,-1,-1,-1,-1,-1,94,90,73,-1,-1,-1,-1,80,-1,-1,-1,-1,100,96,-1,-1,-1,-1,-1,-1,-1,-1,-1,-1,-1,-1,-1,-1,-1,-1,-1,-1,-1,-1,-1,-1,-1,-1,61,-1,-1,-1,-1,-1,-1,-1,-1,-1,-1,-1,-1,-1,-1,-1,-1,-1,-1,-1,-1,-1,-1,-1,-1,-1,-1,-1,-1,-1,81,78,-1,-1,97,93,74,-1,-1,-1,-1,-1,-1,-1,-1,-1,-1,-1,-1,-1,-1,-1,-1,-1,-1,-1,-1,-1,-1,-1,-1,0,-1,-1,-1,-1,-1,-1,-1,-1,65,60,-1,-1,-1,-1,-1
W New York - Union Square,-1,0,4,8,-1,-1,-1,-1,-1,8,-1,-1,-1,-1,-1,-1,-1,-1,-1,-1,-1,-1,-1,-1,-1,-1,-1,-1,-1,83,-1,-1,-1,85,89,-1,-1,-1,-1,-1,-1,-1,-1,-1,-1,70,67,-1,-1,-1,-1,-1,-1,71,68,-1,-1,72,-1,-1,73,77,81,-1,-1,73,77,-1,-1,60,56,54,-1,65,62,90,60,64,68,-1,-1,66,62,59,-1,64,67,-1,70,52,55,-1,-1,55,52,49,70,62,59,-1,-1,79,84,100,-1,62,68,-1,-1,62,-1,-1,64,57,52,-1,75,70,-1,-1,-1,-1,74,81,58,55,61,67,-1,63,59,56,62,56,50,-1,20,23,28,-1,-1,-1,-1,-1,-1,-1,-1,-1,-1,-1,-1,31,-1,-1,-1,-1,-1,-1,-1,-1
W New York Times Square,32,35,28,41,-1,20,19,44,26,15,20,46,3,2,11,-1,-1,6,28,27,13,-1,-1,-1,71,-1,69,82,-1,-1,-1,-1,-1,-1,-1,-1,87,-1,83,84,72,68,-1,82,-1,-1,-1,58,65,71,76,85,74,82,-1,54,86,-1,-1,-1,-1,-1,-1,-1,-1,71,78,85,-1,-1,-1,-1,53,-1,71,-1,68,70,75,86,59,59,61,66,-1,-1,-1,-1,-1,-1,100,56,82,42,44,50,-1,-1,-1,-1,-1,58,57,64,46,41,46,52,28,27,30,33,48,39,37,31,54,52,46,60,-1,44,50,55,26,33,25,42,-1,15,24,26,-1,34,33,26,18,24,28,37,-1,3,0,5,8,8,4,0,-1,-1,-1,-1,-1,-1,-1,-1,-1,-1,-1,-1
Waldorf Astoria New York,-1,-1,-1,-1,5,5,9,6,7,12,10,20,14,25,17,17,43,16,4,8,20,22,20,32,81,-1,-1,-1,-1,-1,49,49,27,27,40,-1,-1,-1,-1,-1,-1,-1,-1,-1,56,43,24,29,48,-1,-1,-1,-1,-1,89,38,64,-1,76,-1,-1,-1,-1,-1,66,60,53,-1,-1,-1,-1,-1,51,51,56,50,-1,-1,-1,-1,66,-1,68,68,74,60,-1,-1,-1,-1,-1,-1,-1,45,43,-1,53,-1,53,-1,-1,100,86,-1,58,72,-1,-1,-1,-1,-1,-1,64,66,62,59,-1,70,61,64,57,59,19,39,37,18,35,-1,-1,-1,-1,-1,-1,-1,29,43,18,28,37,-1,-1,-1,-1,-1,-1,-1,0,-1,-1,-1,-1,36,-1,47,68,57,-1,-1,76,-1
Westin New York at Times Square,24,25,29,-1,-1,26,-1,24,18,21,28,-1,13,16,22,29,-1,-1,-1,-1,12,24,20,18,-1,-1,84,-1,51,53,58,-1,-1,62,57,-1,-1,100,74,88,42,43,49,-1,-1,35,32,35,61,59,62,80,-1,-1,-1,-1,-1,72,-1,83,76,82,88,-1,31,35,38,71,-1,36,-1,29,-1,49,37,40,50,54,58,91,-1,54,47,44,-1,69,72,-1,47,52,55,-1,57,50,47,42,-1,53,47,62,-1,56,65,-1,29,33,37,-1,37,31,29,24,-1,44,41,55,62,53,66,-1,45,50,55,-1,42,46,49,52,-1,30,25,23,-1,35,32,52,34,39,41,-1,-1,15,0,16,-1,22,-1,19,-1,38,30,31,-1,35,33,29,-1,55,52,-1
Wyndham Garden - Manhattan Chelsea West,-1,-1,-1,-1,-1,-1,-1,-1,-1,-1,-1,-1,-1,-1,-1,-1,-1,-1,-1,-1,-1,-1,-1,-1,-1,-1,-1,-1,-1,-1,-1,-1,-1,100,-1,-1,-1,-1,-1,-1,-1,-1,-1,-1,-1,-1,-1,-1,-1,-1,-1,-1,-1,-1,-1,-1,-1,85,85,-1,-1,-1,-1,-1,-1,-1,-1,-1,-1,-1,-1,-1,-1,-1,-1,-1,-1,-1,-1,-1,-1,-1,-1,-1,-1,-1,-1,-1,-1,62,-1,-1,-1,68,-1,-1,-1,-1,-1,-1,-1,-1,-1,-1,-1,39,-1,-1,-1,46,-1,-1,-1,34,40,-1,33,38,47,-1,70,44,44,-1,-1,25,-1,-1,-1,32,20,-1,36,26,49,-1,36,16,-1,-1,1,12,0,1,0,0,2,-1,-1,-1,28,-1,-1,-1,-1,-1,57,57,58,-1
Wyndham Garden Brooklyn Sunset Park,-1,62,-1,-1,69,69,-1,-1,48,28,27,-1,-1,10,-1,-1,-1,-1,-1,-1,-1,-1,-1,-1,72,57,-1,-1,-1,-1,45,-1,-1,-1,-1,-1,-1,76,86,-1,-1,-1,-1,-1,-1,81,-1,-1,-1,53,96,-1,-1,-1,-1,-1,77,49,53,-1,100,92,-1,-1,-1,53,61,75,-1,66,53,75,-1,49,53,-1,-1,53,81,57,84,-1,53,64,-1,53,49,49,64,40,43,-1,64,58,53,57,-1,43,33,57,-1,15,10,-1,-1,15,-1,-1,-1,-1,15,-1,-1,10,15,-1,9,10,15,-1,-1,13,5,-1,-1,13,18,-1,-1,-1,13,-1,-1,5,13,-1,-1,4,18,-1,-1,0,4,-1,1,0,4,-1,-1,-1,2,-1,-1,0,4,-1,-1,0,24,-1
Wyndham Garden Chinatown,-1,-1,-1,-1,-1,-1,-1,-1,-1,-1,-1,-1,-1,-1,-1,-1,-1,-1,-1,-1,-1,-1,-1,-1,-1,-1,-1,-1,-1,-1,-1,-1,-1,-1,-1,-1,-1,-1,-1,-1,-1,-1,-1,-1,-1,-1,-1,-1,-1,-1,-1,-1,-1,-1,-1,-1,-1,-1,-1,-1,-1,-1,-1,-1,-1,-1,-1,-1,-1,-1,-1,-1,-1,-1,-1,-1,-1,-1,-1,-1,-1,-1,-1,-1,-1,-1,-1,-1,-1,-1,-1,-1,-1,-1,-1,-1,100,72,76,100,-1,-1,-1,-1,-1,-1,-1,-1,-1,-1,-1,-1,-1,97,69,-1,75,65,-1,-1,-1,-1,-1,-1,-1,-1,-1,-1,-1,-1,-1,-1,-1,43,47,-1,-1,-1,-1,-1,-1,1,12,-1,0,7,9,-1,-1,-1,-1,-1,-1,38,49,-1,55,57,-1,-1
Wyndham Garden Long Island City Manhattan View,-1,44,-1,-1,-1,-1,-1,-1,-1,28,-1,-1,-1,0,-1,-1,-1,-1,-1,-1,-1,-1,-1,-1,-1,-1,-1,-1,-1,-1,-1,-1,-1,-1,-1,-1,-1,-1,-1,-1,-1,-1,-1,-1,-1,-1,-1,-1,-1,-1,-1,-1,-1,-1,-1,-1,-1,-1,-1,-1,-1,-1,-1,-1,-1,-1,77,-1,-1,-1,-1,-1,-1,97,-1,-1,-1,39,-1,-1,-1,-1,-1,-1,-1,-1,100,-1,-1,-1,-1,-1,-1,-1,-1,-1,-1,-1,-1,-1,-1,-1,-1,-1,-1,-1,-1,-1,-1,-1,-1,-1,-1,-1,-1,-1,-1,23,-1,-1,-1,33,-1,-1,30,33,-1,-1,-1,-1,-1,-1,-1,14,-1,-1,-1,-1,-1,-1,-1,-1,9,-1,-1,-1,-1,-1,34,-1,-1,-1,-1,50,-1,-1,50,53,-1,-1
Wyndham New Yorker,-1,-1,-1,-1,-1,-1,-1,-1,-1,-1,-1,-1,-1,-1,-1,-1,-1,-1,-1,-1,-1,-1,-1,-1,-1,-1,-1,-1,-1,-1,-1,-1,-1,-1,-1,-1,-1,-1,-1,-1,-1,-1,-1,-1,-1,-1,-1,-1,-1,-1,-1,-1,-1,-1,-1,-1,-1,-1,-1,-1,-1,-1,-1,-1,-1,-1,-1,-1,-1,-1,-1,-1,-1,-1,100,-1,-1,-1,-1,-1,-1,-1,-1,-1,-1,-1,-1,-1,-1,26,23,-1,64,5,62,57,18,15,-1,-1,-1,-1,-1,-1,-1,-1,-1,-1,-1,-1,-1,-1,-1,-1,-1,-1,28,32,34,34,-1,33,62,-1,-1,-1,-1,-1,-1,-1,-1,-1,-1,-1,-1,-1,-1,-1,-1,-1,-1,-1,-1,-1,-1,-1,-1,-1,-1,-1,-1,-1,-1,-1,-1,0,-1,44,24,-1
ink48 hotel a Kimpton Hotel,-1,44,70,-1,-1,51,-1,-1,13,13,18,-1,-1,-1,-1,-1,0,9,15,-1,22,15,9,13,-1,-1,-1,-1,-1,-1,-1,-1,-1,-1,-1,-1,-1,-1,-1,-1,-1,-1,-1,-1,-1,-1,-1,-1,-1,-1,-1,-1,64,-1,78,-1,97,69,67,76,-1,-1,-1,-1,-1,-1,-1,-1,-1,-1,77,-1,-1,-1,93,-1,-1,-1,-1,-1,-1,-1,-1,-1,-1,-1,-1,-1,-1,-1,-1,-1,-1,-1,-1,-1,-1,-1,-1,-1,-1,-1,-1,-1,88,85,-1,88,66,82,78,-1,88,90,-1,-1,-1,-1,-1,-1,-1,-1,100,-1,-1,94,-1,-1,-1,-1,-1,-1,-1,-1,-1,-1,-1,-1,-1,-1,-1,-1,-1,-1,-1,-1,-1,-1,-1,-1,25,35,-1,-1,66,-1,-1,70,-1,-1
